TurbID,mean_upwind,max_upwind,share_time_front_row
1,2.791206313416009,5.0,0.0
2,3.359338594513341,6.0,0.0
3,3.0509582863585116,5.0,0.0
4,2.791206313416009,5.0,0.0
5,2.4397594889139422,4.0,0.0
6,1.760127771514468,4.0,0.0
7,1.0857196542653138,4.0,0.2706877113866967
8,1.1333709131905298,4.0,0.2922209695603157
9,2.627207816610297,4.0,0.0
10,2.039270950770387,3.0,0.23468620819240887
11,1.692671927846674,4.0,0.30811724915445327
12,0.994325441563322,4.0,0.39455092070650133
13,2.1000375798571964,5.0,0.042540398346486284
14,2.8868846298384065,5.0,0.0
15,2.7486659150695227,5.0,0.0
16,2.791206313416009,5.0,0.0
17,3.0509582863585116,5.0,0.0
18,3.007891770011274,5.0,0.0
19,2.7786546411123636,4.0,0.0
20,2.7661029688087186,4.0,0.0
21,3.5096580232995116,5.0,0.0
22,3.4790304396843297,5.0,0.0
23,2.791206313416009,5.0,0.0
24,2.971965426531379,5.0,0.0
25,3.413904547162721,5.0,0.0
26,3.1665915069522734,5.0,0.0
27,2.7845170988350247,5.0,0.0
28,2.4918827508455474,5.0,0.0
29,1.6251033446072904,5.0,0.2706877113866967
30,1.3666290868094702,5.0,0.2922209695603157
31,2.769334836527621,5.0,0.0
32,2.9309282224727546,5.0,0.0
33,2.4664787673806843,3.0,0.0
34,2.380383314543405,5.0,0.06091694851559564
35,1.1688462983840662,4.0,0.38218714768883877
36,1.7178880120255542,5.0,0.09823374671176249
37,2.5830890642615554,5.0,0.0
38,3.0934235249906052,5.0,0.0
39,3.1359639233370915,5.0,0.0
40,3.1359639233370915,5.0,0.0
41,3.4874107478391583,6.0,0.0
42,3.1359639233370915,5.0,0.0
43,3.231717399473882,5.0,0.0
44,3.1359639233370915,5.0,0.0
45,3.6564449455092074,5.0,0.0
46,4.09109357384442,5.0,0.0
47,3.558060879368658,5.0,0.0
48,1.4077790304396844,5.0,0.6238256294626081
49,1.644193912063134,5.0,0.5072153325817361
50,1.4170612551672304,5.0,0.5072153325817361
51,1.0458098459225855,4.0,0.5879744456971063
52,0.6792559188275085,4.0,0.5744832769635475
53,0.7385569334836527,5.0,0.6959413754227735
54,0.8833897031191281,4.0,0.5629086809470124
55,1.2549417512213454,4.0,0.5629086809470124
56,1.1266816986095454,5.0,0.5629086809470124
57,1.0151822623074032,5.0,0.6436677940623825
58,1.0580608793686586,4.0,0.5803833145434047
59,1.2645997745208568,4.0,0.5629086809470124
60,1.3071401728673433,4.0,0.5629086809470124
61,1.3496805712138296,5.0,0.5629086809470124
62,1.3496805712138296,5.0,0.5629086809470124
63,1.3496805712138296,5.0,0.5629086809470124
64,1.517888012025554,5.0,0.5629086809470124
65,1.725065764750094,5.0,0.5072153325817361
66,1.3496805712138296,5.0,0.5629086809470124
67,1.3496805712138296,5.0,0.5629086809470124
68,1.4328823750469748,5.0,0.5629086809470124
69,2.4807215332581736,5.0,0.0
70,3.448402856069147,5.0,0.0
71,2.6614806463735436,5.0,0.0
72,2.576475009394964,5.0,0.0
73,2.4807215332581736,5.0,0.0
74,2.644720030063886,6.0,0.0
75,2.4807215332581736,5.0,0.0
76,2.4807215332581736,5.0,0.0
77,1.8010898158586996,5.0,0.0
78,1.222435174746336,5.0,0.5629086809470124
79,1.6790680195415257,5.0,0.07553551296505073
80,1.4655392709507704,4.0,0.3255918827508456
81,1.6888387824126267,4.0,0.133032694475761
82,2.8738068395340095,4.0,0.0
83,2.347350620067644,4.0,0.0
84,2.576475009394964,5.0,0.0
85,2.576475009394964,5.0,0.0
86,3.048853814355506,5.0,0.0
87,3.1320556181886507,5.0,0.0
88,2.511349116873356,4.0,0.0
89,2.880270574971815,5.0,0.0
90,2.7845170988350247,5.0,0.0
91,3.4874107478391583,6.0,0.0
92,3.231717399473882,5.0,0.0
93,3.5355129650507333,5.0,0.0
94,3.1359639233370915,5.0,0.0
95,3.231717399473882,5.0,0.0
96,3.3526493799323562,5.0,0.0
97,3.3526493799323562,5.0,0.0
98,2.86771890266817,5.0,0.0
99,2.1355129650507325,4.0,0.0
100,1.430477264186396,5.0,0.2706877113866967
101,0.8344231491920331,5.0,0.6744081172491545
102,2.8012777151446824,5.0,0.030965802329951147
103,3.284329199549042,5.0,0.0
104,3.17662532882375,4.0,0.0
105,3.383276963547539,5.0,0.0
106,3.1234122510334457,5.0,0.0
107,3.383276963547539,5.0,0.0
108,3.1359639233370915,5.0,0.0
109,3.1359639233370915,5.0,0.0
110,3.448402856069147,5.0,0.0
111,3.1359639233370915,5.0,0.0
112,3.3526493799323562,5.0,0.0
113,2.465088312664412,5.0,0.2830514844043593
114,2.2484028560691467,5.0,0.2830514844043593
115,2.465088312664412,5.0,0.2830514844043593
116,2.2484028560691467,5.0,0.2830514844043593
117,2.2484028560691467,5.0,0.2830514844043593
118,2.465088312664412,5.0,0.2830514844043593
119,2.2484028560691467,5.0,0.2830514844043593
120,2.2484028560691467,5.0,0.2830514844043593
121,2.136903419767005,4.0,0.2830514844043593
122,1.673957158962796,4.0,0.2830514844043593
123,0.994325441563322,4.0,0.39455092070650133
124,2.0336715520481023,5.0,0.3255918827508456
125,2.163322059376174,5.0,0.2830514844043593
126,2.2058624577226604,5.0,0.2830514844043593
127,2.552198421645998,5.0,0.2830514844043593
128,2.2358511837655017,4.0,0.23468620819240887
129,2.279030439684329,5.0,0.2830514844043593
130,2.465088312664412,5.0,0.2830514844043593
131,2.2484028560691467,5.0,0.2830514844043593
132,2.2484028560691467,5.0,0.2830514844043593
133,2.2358511837655017,4.0,0.23468620819240887
134,2.4957158962795942,5.0,0.2830514844043593
