alpha_deg,beta_kW,t_stat,n_obs,n_pairs
0.0,3.355736530467131,1.385127499542857,8748,729
15.0,1.7663955599883419,0.7027331220961404,8748,729
30.0,4.9644614953248025,2.049442845935234,8748,729
45.0,5.069350251850848,2.017212072252148,8748,729
60.0,2.0662887990693832,0.8528264480598469,8748,729
75.0,3.213715276016239,1.278617824139983,8748,729
90.0,-6.006239791924072,-2.479813890852764,8748,729
105.0,-4.846882341400969,-1.9286449184067707,8748,729
120.0,-11.237883137871695,-4.644273838384652,8748,729
135.0,-8.598787659462818,-3.423288136968449,8748,729
150.0,-9.908686913040665,-4.093732306345286,8748,729
165.0,-8.169454711085718,-3.252133766060479,8748,729
180.0,-7.571064104470272,-3.126593722022837,8748,729
195.0,-1.8670137039429673,-0.742765172769308,8748,729
210.0,0.9049668435968576,0.37349637232837385,8748,729
225.0,8.883854520725656,3.5369511514736267,8748,729
240.0,9.928235240143326,4.101825546045582,8748,729
255.0,8.744150450860786,3.481245679388216,8748,729
270.0,7.1923493283035,2.970020717496624,8748,729
285.0,-0.031722298800266766,-0.012619836878595867,8748,729
300.0,2.5017706144368335,1.0325861692462475,8748,729
315.0,-2.0640588435390494,-0.8211630912845812,8748,729
330.0,3.810065095964872,1.5727124116653801,8748,729
345.0,-2.0995465012100794,-0.8352826834133525,8748,729
