cone_deg,radius_m,n_undirected_pairs,edges_mean,mean_in_degree,isolated_mean,isolated_share
15,600,125,20.8,0.16,107.2,0.8
15,1000,290,48.3,0.36,88.8,0.663
15,1500,729,121.5,0.91,25.3,0.189
15,2000,1232,205.3,1.53,3.3,0.025
15,3000,2376,396.0,2.96,1.5,0.011
30,600,125,41.7,0.31,87.2,0.65
30,1000,290,96.7,0.72,57.5,0.429
30,1500,729,243.0,1.81,2.7,0.02
30,2000,1232,410.7,3.06,1.3,0.01
30,3000,2376,792.0,5.91,0.7,0.005
45,600,125,62.5,0.47,62.5,0.466
45,1000,290,145.0,1.08,30.3,0.226
45,1500,729,364.5,2.72,0.2,0.001
45,2000,1232,616.0,4.6,0.0,0.0
45,3000,2376,1188.0,8.87,0.0,0.0
60,600,125,83.3,0.62,42.5,0.317
60,1000,290,193.3,1.44,18.3,0.137
60,1500,729,486.0,3.63,0.0,0.0
60,2000,1232,821.3,6.13,0.0,0.0
60,3000,2376,1584.0,11.82,0.0,0.0
