TurbID,sector,sector_center_deg,n_upwind,n_downwind,n_snapshots,share_of_time
1,0,15.0,3,2,6294,0.23652762119503945
2,0,15.0,4,2,6294,0.23652762119503945
3,0,15.0,3,3,6294,0.23652762119503945
4,0,15.0,3,2,6294,0.23652762119503945
5,0,15.0,3,2,6294,0.23652762119503945
6,0,15.0,2,2,6294,0.23652762119503945
7,0,15.0,1,2,6294,0.23652762119503945
8,0,15.0,0,2,6294,0.23652762119503945
9,0,15.0,4,1,6294,0.23652762119503945
10,0,15.0,3,0,6294,0.23652762119503945
11,0,15.0,3,0,6294,0.23652762119503945
12,0,15.0,2,0,6294,0.23652762119503945
13,0,15.0,2,1,6294,0.23652762119503945
14,0,15.0,3,3,6294,0.23652762119503945
15,0,15.0,3,2,6294,0.23652762119503945
16,0,15.0,3,2,6294,0.23652762119503945
17,0,15.0,3,3,6294,0.23652762119503945
18,0,15.0,4,2,6294,0.23652762119503945
19,0,15.0,3,2,6294,0.23652762119503945
20,0,15.0,3,2,6294,0.23652762119503945
21,0,15.0,4,4,6294,0.23652762119503945
22,0,15.0,4,4,6294,0.23652762119503945
23,0,15.0,3,2,6294,0.23652762119503945
24,0,15.0,3,3,6294,0.23652762119503945
25,0,15.0,4,3,6294,0.23652762119503945
26,0,15.0,3,3,6294,0.23652762119503945
27,0,15.0,3,3,6294,0.23652762119503945
28,0,15.0,3,4,6294,0.23652762119503945
29,0,15.0,1,3,6294,0.23652762119503945
30,0,15.0,0,3,6294,0.23652762119503945
31,0,15.0,4,1,6294,0.23652762119503945
32,0,15.0,4,2,6294,0.23652762119503945
33,0,15.0,3,3,6294,0.23652762119503945
34,0,15.0,3,4,6294,0.23652762119503945
35,0,15.0,1,2,6294,0.23652762119503945
36,0,15.0,1,2,6294,0.23652762119503945
37,0,15.0,2,3,6294,0.23652762119503945
38,0,15.0,3,3,6294,0.23652762119503945
39,0,15.0,3,3,6294,0.23652762119503945
40,0,15.0,3,3,6294,0.23652762119503945
41,0,15.0,3,3,6294,0.23652762119503945
42,0,15.0,3,3,6294,0.23652762119503945
43,0,15.0,3,4,6294,0.23652762119503945
44,0,15.0,3,3,6294,0.23652762119503945
45,0,15.0,5,3,6294,0.23652762119503945
46,0,15.0,5,4,6294,0.23652762119503945
47,0,15.0,3,4,6294,0.23652762119503945
48,0,15.0,0,4,6294,0.23652762119503945
49,0,15.0,0,4,6294,0.23652762119503945
50,0,15.0,0,4,6294,0.23652762119503945
51,0,15.0,0,3,6294,0.23652762119503945
52,0,15.0,0,1,6294,0.23652762119503945
53,0,15.0,0,2,6294,0.23652762119503945
54,0,15.0,0,2,6294,0.23652762119503945
55,0,15.0,0,4,6294,0.23652762119503945
56,0,15.0,0,3,6294,0.23652762119503945
57,0,15.0,0,3,6294,0.23652762119503945
58,0,15.0,0,3,6294,0.23652762119503945
59,0,15.0,0,3,6294,0.23652762119503945
60,0,15.0,0,3,6294,0.23652762119503945
61,0,15.0,0,3,6294,0.23652762119503945
62,0,15.0,0,3,6294,0.23652762119503945
63,0,15.0,0,3,6294,0.23652762119503945
64,0,15.0,0,4,6294,0.23652762119503945
65,0,15.0,0,4,6294,0.23652762119503945
66,0,15.0,0,3,6294,0.23652762119503945
67,0,15.0,0,3,6294,0.23652762119503945
68,0,15.0,0,4,6294,0.23652762119503945
69,0,15.0,2,3,6294,0.23652762119503945
70,0,15.0,4,4,6294,0.23652762119503945
71,0,15.0,2,4,6294,0.23652762119503945
72,0,15.0,2,4,6294,0.23652762119503945
73,0,15.0,2,3,6294,0.23652762119503945
74,0,15.0,2,3,6294,0.23652762119503945
75,0,15.0,2,3,6294,0.23652762119503945
76,0,15.0,2,3,6294,0.23652762119503945
77,0,15.0,1,3,6294,0.23652762119503945
78,0,15.0,0,4,6294,0.23652762119503945
79,0,15.0,1,4,6294,0.23652762119503945
80,0,15.0,2,0,6294,0.23652762119503945
81,0,15.0,2,1,6294,0.23652762119503945
82,0,15.0,4,2,6294,0.23652762119503945
83,0,15.0,2,3,6294,0.23652762119503945
84,0,15.0,2,4,6294,0.23652762119503945
85,0,15.0,2,4,6294,0.23652762119503945
86,0,15.0,3,3,6294,0.23652762119503945
87,0,15.0,3,4,6294,0.23652762119503945
88,0,15.0,2,3,6294,0.23652762119503945
89,0,15.0,3,4,6294,0.23652762119503945
90,0,15.0,3,3,6294,0.23652762119503945
91,0,15.0,3,3,6294,0.23652762119503945
92,0,15.0,3,4,6294,0.23652762119503945
93,0,15.0,4,4,6294,0.23652762119503945
94,0,15.0,3,3,6294,0.23652762119503945
95,0,15.0,3,4,6294,0.23652762119503945
96,0,15.0,4,3,6294,0.23652762119503945
97,0,15.0,4,3,6294,0.23652762119503945
98,0,15.0,3,4,6294,0.23652762119503945
99,0,15.0,2,3,6294,0.23652762119503945
100,0,15.0,1,3,6294,0.23652762119503945
101,0,15.0,0,2,6294,0.23652762119503945
102,0,15.0,4,2,6294,0.23652762119503945
103,0,15.0,4,4,6294,0.23652762119503945
104,0,15.0,3,4,6294,0.23652762119503945
105,0,15.0,4,3,6294,0.23652762119503945
106,0,15.0,3,3,6294,0.23652762119503945
107,0,15.0,4,3,6294,0.23652762119503945
108,0,15.0,3,3,6294,0.23652762119503945
109,0,15.0,3,3,6294,0.23652762119503945
110,0,15.0,4,4,6294,0.23652762119503945
111,0,15.0,3,3,6294,0.23652762119503945
112,0,15.0,4,3,6294,0.23652762119503945
113,0,15.0,4,0,6294,0.23652762119503945
114,0,15.0,3,0,6294,0.23652762119503945
115,0,15.0,4,0,6294,0.23652762119503945
116,0,15.0,3,0,6294,0.23652762119503945
117,0,15.0,3,0,6294,0.23652762119503945
118,0,15.0,4,0,6294,0.23652762119503945
119,0,15.0,3,0,6294,0.23652762119503945
120,0,15.0,3,0,6294,0.23652762119503945
121,0,15.0,3,0,6294,0.23652762119503945
122,0,15.0,3,0,6294,0.23652762119503945
123,0,15.0,2,0,6294,0.23652762119503945
124,0,15.0,3,0,6294,0.23652762119503945
125,0,15.0,3,0,6294,0.23652762119503945
126,0,15.0,3,0,6294,0.23652762119503945
127,0,15.0,4,0,6294,0.23652762119503945
128,0,15.0,3,0,6294,0.23652762119503945
129,0,15.0,3,0,6294,0.23652762119503945
130,0,15.0,4,0,6294,0.23652762119503945
131,0,15.0,3,0,6294,0.23652762119503945
132,0,15.0,3,0,6294,0.23652762119503945
133,0,15.0,3,0,6294,0.23652762119503945
134,0,15.0,4,0,6294,0.23652762119503945
1,1,45.0,2,1,1482,0.05569334836527621
2,1,45.0,2,1,1482,0.05569334836527621
3,1,45.0,2,1,1482,0.05569334836527621
4,1,45.0,2,1,1482,0.05569334836527621
5,1,45.0,2,1,1482,0.05569334836527621
6,1,45.0,2,1,1482,0.05569334836527621
7,1,45.0,1,1,1482,0.05569334836527621
8,1,45.0,0,1,1482,0.05569334836527621
9,1,45.0,2,1,1482,0.05569334836527621
10,1,45.0,2,1,1482,0.05569334836527621
11,1,45.0,4,0,1482,0.05569334836527621
12,1,45.0,2,0,1482,0.05569334836527621
13,1,45.0,1,1,1482,0.05569334836527621
14,1,45.0,2,2,1482,0.05569334836527621
15,1,45.0,2,1,1482,0.05569334836527621
16,1,45.0,2,1,1482,0.05569334836527621
17,1,45.0,2,1,1482,0.05569334836527621
18,1,45.0,2,1,1482,0.05569334836527621
19,1,45.0,2,2,1482,0.05569334836527621
20,1,45.0,2,3,1482,0.05569334836527621
21,1,45.0,4,2,1482,0.05569334836527621
22,1,45.0,3,2,1482,0.05569334836527621
23,1,45.0,2,1,1482,0.05569334836527621
24,1,45.0,2,2,1482,0.05569334836527621
25,1,45.0,4,2,1482,0.05569334836527621
26,1,45.0,3,2,1482,0.05569334836527621
27,1,45.0,2,2,1482,0.05569334836527621
28,1,45.0,3,3,1482,0.05569334836527621
29,1,45.0,2,2,1482,0.05569334836527621
30,1,45.0,0,2,1482,0.05569334836527621
31,1,45.0,3,1,1482,0.05569334836527621
32,1,45.0,3,2,1482,0.05569334836527621
33,1,45.0,2,2,1482,0.05569334836527621
34,1,45.0,3,3,1482,0.05569334836527621
35,1,45.0,2,1,1482,0.05569334836527621
36,1,45.0,0,2,1482,0.05569334836527621
37,1,45.0,1,2,1482,0.05569334836527621
38,1,45.0,2,2,1482,0.05569334836527621
39,1,45.0,2,2,1482,0.05569334836527621
40,1,45.0,2,2,1482,0.05569334836527621
41,1,45.0,2,2,1482,0.05569334836527621
42,1,45.0,2,2,1482,0.05569334836527621
43,1,45.0,2,2,1482,0.05569334836527621
44,1,45.0,2,2,1482,0.05569334836527621
45,1,45.0,3,2,1482,0.05569334836527621
46,1,45.0,3,3,1482,0.05569334836527621
47,1,45.0,2,4,1482,0.05569334836527621
48,1,45.0,0,5,1482,0.05569334836527621
49,1,45.0,2,3,1482,0.05569334836527621
50,1,45.0,1,2,1482,0.05569334836527621
51,1,45.0,1,2,1482,0.05569334836527621
52,1,45.0,0,1,1482,0.05569334836527621
53,1,45.0,0,2,1482,0.05569334836527621
54,1,45.0,0,2,1482,0.05569334836527621
55,1,45.0,0,3,1482,0.05569334836527621
56,1,45.0,0,2,1482,0.05569334836527621
57,1,45.0,0,2,1482,0.05569334836527621
58,1,45.0,0,2,1482,0.05569334836527621
59,1,45.0,0,2,1482,0.05569334836527621
60,1,45.0,0,2,1482,0.05569334836527621
61,1,45.0,0,2,1482,0.05569334836527621
62,1,45.0,0,2,1482,0.05569334836527621
63,1,45.0,0,2,1482,0.05569334836527621
64,1,45.0,0,4,1482,0.05569334836527621
65,1,45.0,1,3,1482,0.05569334836527621
66,1,45.0,0,2,1482,0.05569334836527621
67,1,45.0,0,2,1482,0.05569334836527621
68,1,45.0,0,3,1482,0.05569334836527621
69,1,45.0,1,2,1482,0.05569334836527621
70,1,45.0,2,2,1482,0.05569334836527621
71,1,45.0,1,3,1482,0.05569334836527621
72,1,45.0,1,2,1482,0.05569334836527621
73,1,45.0,1,2,1482,0.05569334836527621
74,1,45.0,1,2,1482,0.05569334836527621
75,1,45.0,1,2,1482,0.05569334836527621
76,1,45.0,1,2,1482,0.05569334836527621
77,1,45.0,1,2,1482,0.05569334836527621
78,1,45.0,0,2,1482,0.05569334836527621
79,1,45.0,0,2,1482,0.05569334836527621
80,1,45.0,1,0,1482,0.05569334836527621
81,1,45.0,1,1,1482,0.05569334836527621
82,1,45.0,2,3,1482,0.05569334836527621
83,1,45.0,2,2,1482,0.05569334836527621
84,1,45.0,1,2,1482,0.05569334836527621
85,1,45.0,1,2,1482,0.05569334836527621
86,1,45.0,1,2,1482,0.05569334836527621
87,1,45.0,1,3,1482,0.05569334836527621
88,1,45.0,2,2,1482,0.05569334836527621
89,1,45.0,2,2,1482,0.05569334836527621
90,1,45.0,2,2,1482,0.05569334836527621
91,1,45.0,2,2,1482,0.05569334836527621
92,1,45.0,2,2,1482,0.05569334836527621
93,1,45.0,3,2,1482,0.05569334836527621
94,1,45.0,2,2,1482,0.05569334836527621
95,1,45.0,2,2,1482,0.05569334836527621
96,1,45.0,2,2,1482,0.05569334836527621
97,1,45.0,2,2,1482,0.05569334836527621
98,1,45.0,2,3,1482,0.05569334836527621
99,1,45.0,3,2,1482,0.05569334836527621
100,1,45.0,1,2,1482,0.05569334836527621
101,1,45.0,0,1,1482,0.05569334836527621
102,1,45.0,2,2,1482,0.05569334836527621
103,1,45.0,2,3,1482,0.05569334836527621
104,1,45.0,2,3,1482,0.05569334836527621
105,1,45.0,3,2,1482,0.05569334836527621
106,1,45.0,2,3,1482,0.05569334836527621
107,1,45.0,3,2,1482,0.05569334836527621
108,1,45.0,2,2,1482,0.05569334836527621
109,1,45.0,2,2,1482,0.05569334836527621
110,1,45.0,2,2,1482,0.05569334836527621
111,1,45.0,2,2,1482,0.05569334836527621
112,1,45.0,2,2,1482,0.05569334836527621
113,1,45.0,2,0,1482,0.05569334836527621
114,1,45.0,2,0,1482,0.05569334836527621
115,1,45.0,2,0,1482,0.05569334836527621
116,1,45.0,2,0,1482,0.05569334836527621
117,1,45.0,2,0,1482,0.05569334836527621
118,1,45.0,2,0,1482,0.05569334836527621
119,1,45.0,2,0,1482,0.05569334836527621
120,1,45.0,2,0,1482,0.05569334836527621
121,1,45.0,2,0,1482,0.05569334836527621
122,1,45.0,2,0,1482,0.05569334836527621
123,1,45.0,2,0,1482,0.05569334836527621
124,1,45.0,1,0,1482,0.05569334836527621
125,1,45.0,2,0,1482,0.05569334836527621
126,1,45.0,2,0,1482,0.05569334836527621
127,1,45.0,3,0,1482,0.05569334836527621
128,1,45.0,2,1,1482,0.05569334836527621
129,1,45.0,3,0,1482,0.05569334836527621
130,1,45.0,2,0,1482,0.05569334836527621
131,1,45.0,2,0,1482,0.05569334836527621
132,1,45.0,2,0,1482,0.05569334836527621
133,1,45.0,2,1,1482,0.05569334836527621
134,1,45.0,3,0,1482,0.05569334836527621
1,2,75.0,4,3,308,0.011574596016535137
2,2,75.0,4,3,308,0.011574596016535137
3,2,75.0,4,3,308,0.011574596016535137
4,2,75.0,4,3,308,0.011574596016535137
5,2,75.0,4,3,308,0.011574596016535137
6,2,75.0,4,2,308,0.011574596016535137
7,2,75.0,4,1,308,0.011574596016535137
8,2,75.0,3,1,308,0.011574596016535137
9,2,75.0,2,3,308,0.011574596016535137
10,2,75.0,2,2,308,0.011574596016535137
11,2,75.0,3,1,308,0.011574596016535137
12,2,75.0,4,0,308,0.011574596016535137
13,2,75.0,0,3,308,0.011574596016535137
14,2,75.0,2,4,308,0.011574596016535137
15,2,75.0,3,3,308,0.011574596016535137
16,2,75.0,4,3,308,0.011574596016535137
17,2,75.0,4,3,308,0.011574596016535137
18,2,75.0,4,3,308,0.011574596016535137
19,2,75.0,4,3,308,0.011574596016535137
20,2,75.0,4,3,308,0.011574596016535137
21,2,75.0,4,4,308,0.011574596016535137
22,2,75.0,4,4,308,0.011574596016535137
23,2,75.0,4,3,308,0.011574596016535137
24,2,75.0,4,4,308,0.011574596016535137
25,2,75.0,4,4,308,0.011574596016535137
26,2,75.0,4,4,308,0.011574596016535137
27,2,75.0,4,4,308,0.011574596016535137
28,2,75.0,5,3,308,0.011574596016535137
29,2,75.0,4,2,308,0.011574596016535137
30,2,75.0,3,1,308,0.011574596016535137
31,2,75.0,2,4,308,0.011574596016535137
32,2,75.0,3,4,308,0.011574596016535137
33,2,75.0,3,3,308,0.011574596016535137
34,2,75.0,5,2,308,0.011574596016535137
35,2,75.0,4,0,308,0.011574596016535137
36,2,75.0,0,4,308,0.011574596016535137
37,2,75.0,1,4,308,0.011574596016535137
38,2,75.0,3,4,308,0.011574596016535137
39,2,75.0,4,4,308,0.011574596016535137
40,2,75.0,4,4,308,0.011574596016535137
41,2,75.0,4,4,308,0.011574596016535137
42,2,75.0,4,4,308,0.011574596016535137
43,2,75.0,4,4,308,0.011574596016535137
44,2,75.0,4,4,308,0.011574596016535137
45,2,75.0,5,4,308,0.011574596016535137
46,2,75.0,5,4,308,0.011574596016535137
47,2,75.0,4,4,308,0.011574596016535137
48,2,75.0,3,4,308,0.011574596016535137
49,2,75.0,3,4,308,0.011574596016535137
50,2,75.0,3,2,308,0.011574596016535137
51,2,75.0,3,1,308,0.011574596016535137
52,2,75.0,0,4,308,0.011574596016535137
53,2,75.0,1,5,308,0.011574596016535137
54,2,75.0,2,4,308,0.011574596016535137
55,2,75.0,3,4,308,0.011574596016535137
56,2,75.0,3,2,308,0.011574596016535137
57,2,75.0,3,1,308,0.011574596016535137
58,2,75.0,0,4,308,0.011574596016535137
59,2,75.0,1,4,308,0.011574596016535137
60,2,75.0,2,4,308,0.011574596016535137
61,2,75.0,3,4,308,0.011574596016535137
62,2,75.0,3,4,308,0.011574596016535137
63,2,75.0,3,4,308,0.011574596016535137
64,2,75.0,3,5,308,0.011574596016535137
65,2,75.0,3,5,308,0.011574596016535137
66,2,75.0,3,4,308,0.011574596016535137
67,2,75.0,3,4,308,0.011574596016535137
68,2,75.0,3,4,308,0.011574596016535137
69,2,75.0,3,4,308,0.011574596016535137
70,2,75.0,4,4,308,0.011574596016535137
71,2,75.0,3,5,308,0.011574596016535137
72,2,75.0,3,4,308,0.011574596016535137
73,2,75.0,3,4,308,0.011574596016535137
74,2,75.0,3,4,308,0.011574596016535137
75,2,75.0,3,4,308,0.011574596016535137
76,2,75.0,3,4,308,0.011574596016535137
77,2,75.0,3,3,308,0.011574596016535137
78,2,75.0,3,2,308,0.011574596016535137
79,2,75.0,3,1,308,0.011574596016535137
80,2,75.0,0,3,308,0.011574596016535137
81,2,75.0,1,4,308,0.011574596016535137
82,2,75.0,3,4,308,0.011574596016535137
83,2,75.0,3,4,308,0.011574596016535137
84,2,75.0,3,4,308,0.011574596016535137
85,2,75.0,3,4,308,0.011574596016535137
86,2,75.0,3,4,308,0.011574596016535137
87,2,75.0,3,4,308,0.011574596016535137
88,2,75.0,3,4,308,0.011574596016535137
89,2,75.0,4,4,308,0.011574596016535137
90,2,75.0,4,4,308,0.011574596016535137
91,2,75.0,4,4,308,0.011574596016535137
92,2,75.0,4,4,308,0.011574596016535137
93,2,75.0,5,4,308,0.011574596016535137
94,2,75.0,4,4,308,0.011574596016535137
95,2,75.0,4,4,308,0.011574596016535137
96,2,75.0,4,4,308,0.011574596016535137
97,2,75.0,4,4,308,0.011574596016535137
98,2,75.0,4,4,308,0.011574596016535137
99,2,75.0,4,3,308,0.011574596016535137
100,2,75.0,4,2,308,0.011574596016535137
101,2,75.0,3,0,308,0.011574596016535137
102,2,75.0,1,4,308,0.011574596016535137
103,2,75.0,2,5,308,0.011574596016535137
104,2,75.0,3,4,308,0.011574596016535137
105,2,75.0,4,4,308,0.011574596016535137
106,2,75.0,4,4,308,0.011574596016535137
107,2,75.0,4,4,308,0.011574596016535137
108,2,75.0,4,4,308,0.011574596016535137
109,2,75.0,4,4,308,0.011574596016535137
110,2,75.0,4,4,308,0.011574596016535137
111,2,75.0,4,4,308,0.011574596016535137
112,2,75.0,4,4,308,0.011574596016535137
113,2,75.0,4,3,308,0.011574596016535137
114,2,75.0,4,3,308,0.011574596016535137
115,2,75.0,4,3,308,0.011574596016535137
116,2,75.0,4,3,308,0.011574596016535137
117,2,75.0,4,3,308,0.011574596016535137
118,2,75.0,4,3,308,0.011574596016535137
119,2,75.0,4,3,308,0.011574596016535137
120,2,75.0,4,3,308,0.011574596016535137
121,2,75.0,4,2,308,0.011574596016535137
122,2,75.0,4,1,308,0.011574596016535137
123,2,75.0,4,0,308,0.011574596016535137
124,2,75.0,0,3,308,0.011574596016535137
125,2,75.0,2,3,308,0.011574596016535137
126,2,75.0,3,3,308,0.011574596016535137
127,2,75.0,5,3,308,0.011574596016535137
128,2,75.0,4,3,308,0.011574596016535137
129,2,75.0,4,3,308,0.011574596016535137
130,2,75.0,4,3,308,0.011574596016535137
131,2,75.0,4,3,308,0.011574596016535137
132,2,75.0,4,3,308,0.011574596016535137
133,2,75.0,4,3,308,0.011574596016535137
134,2,75.0,4,3,308,0.011574596016535137
1,3,105.0,3,4,157,0.0059000375798571965
2,3,105.0,3,4,157,0.0059000375798571965
3,3,105.0,3,4,157,0.0059000375798571965
4,3,105.0,3,4,157,0.0059000375798571965
5,3,105.0,3,3,157,0.0059000375798571965
6,3,105.0,3,2,157,0.0059000375798571965
7,3,105.0,3,1,157,0.0059000375798571965
8,3,105.0,3,2,157,0.0059000375798571965
9,3,105.0,1,3,157,0.0059000375798571965
10,3,105.0,1,3,157,0.0059000375798571965
11,3,105.0,2,1,157,0.0059000375798571965
12,3,105.0,3,0,157,0.0059000375798571965
13,3,105.0,0,4,157,0.0059000375798571965
14,3,105.0,1,4,157,0.0059000375798571965
15,3,105.0,2,4,157,0.0059000375798571965
16,3,105.0,3,4,157,0.0059000375798571965
17,3,105.0,3,4,157,0.0059000375798571965
18,3,105.0,3,3,157,0.0059000375798571965
19,3,105.0,3,4,157,0.0059000375798571965
20,3,105.0,3,4,157,0.0059000375798571965
21,3,105.0,3,3,157,0.0059000375798571965
22,3,105.0,3,3,157,0.0059000375798571965
23,3,105.0,3,4,157,0.0059000375798571965
24,3,105.0,3,4,157,0.0059000375798571965
25,3,105.0,4,3,157,0.0059000375798571965
26,3,105.0,4,4,157,0.0059000375798571965
27,3,105.0,4,3,157,0.0059000375798571965
28,3,105.0,3,2,157,0.0059000375798571965
29,3,105.0,5,1,157,0.0059000375798571965
30,3,105.0,4,1,157,0.0059000375798571965
31,3,105.0,1,4,157,0.0059000375798571965
32,3,105.0,1,4,157,0.0059000375798571965
33,3,105.0,2,2,157,0.0059000375798571965
34,3,105.0,3,1,157,0.0059000375798571965
35,3,105.0,4,0,157,0.0059000375798571965
36,3,105.0,0,4,157,0.0059000375798571965
37,3,105.0,1,4,157,0.0059000375798571965
38,3,105.0,3,4,157,0.0059000375798571965
39,3,105.0,4,4,157,0.0059000375798571965
40,3,105.0,4,4,157,0.0059000375798571965
41,3,105.0,4,5,157,0.0059000375798571965
42,3,105.0,4,4,157,0.0059000375798571965
43,3,105.0,3,4,157,0.0059000375798571965
44,3,105.0,4,4,157,0.0059000375798571965
45,3,105.0,4,3,157,0.0059000375798571965
46,3,105.0,3,4,157,0.0059000375798571965
47,3,105.0,3,5,157,0.0059000375798571965
48,3,105.0,3,3,157,0.0059000375798571965
49,3,105.0,5,2,157,0.0059000375798571965
50,3,105.0,4,1,157,0.0059000375798571965
51,3,105.0,4,0,157,0.0059000375798571965
52,3,105.0,1,3,157,0.0059000375798571965
53,3,105.0,1,3,157,0.0059000375798571965
54,3,105.0,2,3,157,0.0059000375798571965
55,3,105.0,3,2,157,0.0059000375798571965
56,3,105.0,4,1,157,0.0059000375798571965
57,3,105.0,4,0,157,0.0059000375798571965
58,3,105.0,0,3,157,0.0059000375798571965
59,3,105.0,2,3,157,0.0059000375798571965
60,3,105.0,3,3,157,0.0059000375798571965
61,3,105.0,4,3,157,0.0059000375798571965
62,3,105.0,4,3,157,0.0059000375798571965
63,3,105.0,4,3,157,0.0059000375798571965
64,3,105.0,4,3,157,0.0059000375798571965
65,3,105.0,5,3,157,0.0059000375798571965
66,3,105.0,4,3,157,0.0059000375798571965
67,3,105.0,4,3,157,0.0059000375798571965
68,3,105.0,3,3,157,0.0059000375798571965
69,3,105.0,4,3,157,0.0059000375798571965
70,3,105.0,3,3,157,0.0059000375798571965
71,3,105.0,4,3,157,0.0059000375798571965
72,3,105.0,3,3,157,0.0059000375798571965
73,3,105.0,4,3,157,0.0059000375798571965
74,3,105.0,5,3,157,0.0059000375798571965
75,3,105.0,4,3,157,0.0059000375798571965
76,3,105.0,4,3,157,0.0059000375798571965
77,3,105.0,4,2,157,0.0059000375798571965
78,3,105.0,3,1,157,0.0059000375798571965
79,3,105.0,3,0,157,0.0059000375798571965
80,3,105.0,0,3,157,0.0059000375798571965
81,3,105.0,1,3,157,0.0059000375798571965
82,3,105.0,2,3,157,0.0059000375798571965
83,3,105.0,3,3,157,0.0059000375798571965
84,3,105.0,3,3,157,0.0059000375798571965
85,3,105.0,3,3,157,0.0059000375798571965
86,3,105.0,4,3,157,0.0059000375798571965
87,3,105.0,3,3,157,0.0059000375798571965
88,3,105.0,4,3,157,0.0059000375798571965
89,3,105.0,3,3,157,0.0059000375798571965
90,3,105.0,4,3,157,0.0059000375798571965
91,3,105.0,4,5,157,0.0059000375798571965
92,3,105.0,3,4,157,0.0059000375798571965
93,3,105.0,3,4,157,0.0059000375798571965
94,3,105.0,4,4,157,0.0059000375798571965
95,3,105.0,3,4,157,0.0059000375798571965
96,3,105.0,4,3,157,0.0059000375798571965
97,3,105.0,4,3,157,0.0059000375798571965
98,3,105.0,3,3,157,0.0059000375798571965
99,3,105.0,4,2,157,0.0059000375798571965
100,3,105.0,4,1,157,0.0059000375798571965
101,3,105.0,4,0,157,0.0059000375798571965
102,3,105.0,0,3,157,0.0059000375798571965
103,3,105.0,1,3,157,0.0059000375798571965
104,3,105.0,2,4,157,0.0059000375798571965
105,3,105.0,4,3,157,0.0059000375798571965
106,3,105.0,4,4,157,0.0059000375798571965
107,3,105.0,4,3,157,0.0059000375798571965
108,3,105.0,4,4,157,0.0059000375798571965
109,3,105.0,4,4,157,0.0059000375798571965
110,3,105.0,3,3,157,0.0059000375798571965
111,3,105.0,4,4,157,0.0059000375798571965
112,3,105.0,4,3,157,0.0059000375798571965
113,3,105.0,3,3,157,0.0059000375798571965
114,3,105.0,3,4,157,0.0059000375798571965
115,3,105.0,3,3,157,0.0059000375798571965
116,3,105.0,3,4,157,0.0059000375798571965
117,3,105.0,3,4,157,0.0059000375798571965
118,3,105.0,3,3,157,0.0059000375798571965
119,3,105.0,3,4,157,0.0059000375798571965
120,3,105.0,3,4,157,0.0059000375798571965
121,3,105.0,3,3,157,0.0059000375798571965
122,3,105.0,3,1,157,0.0059000375798571965
123,3,105.0,3,0,157,0.0059000375798571965
124,3,105.0,0,3,157,0.0059000375798571965
125,3,105.0,1,4,157,0.0059000375798571965
126,3,105.0,2,4,157,0.0059000375798571965
127,3,105.0,3,4,157,0.0059000375798571965
128,3,105.0,3,4,157,0.0059000375798571965
129,3,105.0,3,4,157,0.0059000375798571965
130,3,105.0,3,3,157,0.0059000375798571965
131,3,105.0,3,4,157,0.0059000375798571965
132,3,105.0,3,4,157,0.0059000375798571965
133,3,105.0,3,4,157,0.0059000375798571965
134,3,105.0,3,3,157,0.0059000375798571965
1,4,135.0,4,5,667,0.02506576475009395
2,4,135.0,4,6,667,0.02506576475009395
3,4,135.0,5,5,667,0.02506576475009395
4,4,135.0,4,5,667,0.02506576475009395
5,4,135.0,4,4,667,0.02506576475009395
6,4,135.0,4,2,667,0.02506576475009395
7,4,135.0,4,1,667,0.02506576475009395
8,4,135.0,4,2,667,0.02506576475009395
9,4,135.0,2,4,667,0.02506576475009395
10,4,135.0,1,3,667,0.02506576475009395
11,4,135.0,0,2,667,0.02506576475009395
12,4,135.0,3,0,667,0.02506576475009395
13,4,135.0,0,5,667,0.02506576475009395
14,4,135.0,2,5,667,0.02506576475009395
15,4,135.0,3,5,667,0.02506576475009395
16,4,135.0,4,5,667,0.02506576475009395
17,4,135.0,5,5,667,0.02506576475009395
18,4,135.0,4,5,667,0.02506576475009395
19,4,135.0,4,4,667,0.02506576475009395
20,4,135.0,4,3,667,0.02506576475009395
21,4,135.0,3,5,667,0.02506576475009395
22,4,135.0,4,5,667,0.02506576475009395
23,4,135.0,4,5,667,0.02506576475009395
24,4,135.0,4,5,667,0.02506576475009395
25,4,135.0,3,5,667,0.02506576475009395
26,4,135.0,4,5,667,0.02506576475009395
27,4,135.0,5,4,667,0.02506576475009395
28,4,135.0,5,1,667,0.02506576475009395
29,4,135.0,5,1,667,0.02506576475009395
30,4,135.0,5,1,667,0.02506576475009395
31,4,135.0,1,5,667,0.02506576475009395
32,4,135.0,1,5,667,0.02506576475009395
33,4,135.0,3,3,667,0.02506576475009395
34,4,135.0,5,0,667,0.02506576475009395
35,4,135.0,4,0,667,0.02506576475009395
36,4,135.0,0,5,667,0.02506576475009395
37,4,135.0,2,5,667,0.02506576475009395
38,4,135.0,4,5,667,0.02506576475009395
39,4,135.0,5,5,667,0.02506576475009395
40,4,135.0,5,5,667,0.02506576475009395
41,4,135.0,5,6,667,0.02506576475009395
42,4,135.0,5,5,667,0.02506576475009395
43,4,135.0,5,5,667,0.02506576475009395
44,4,135.0,5,5,667,0.02506576475009395
45,4,135.0,5,5,667,0.02506576475009395
46,4,135.0,5,5,667,0.02506576475009395
47,4,135.0,5,4,667,0.02506576475009395
48,4,135.0,5,0,667,0.02506576475009395
49,4,135.0,4,2,667,0.02506576475009395
50,4,135.0,5,1,667,0.02506576475009395
51,4,135.0,4,0,667,0.02506576475009395
52,4,135.0,1,3,667,0.02506576475009395
53,4,135.0,1,3,667,0.02506576475009395
54,4,135.0,2,3,667,0.02506576475009395
55,4,135.0,4,2,667,0.02506576475009395
56,4,135.0,5,1,667,0.02506576475009395
57,4,135.0,5,0,667,0.02506576475009395
58,4,135.0,1,3,667,0.02506576475009395
59,4,135.0,3,3,667,0.02506576475009395
60,4,135.0,4,3,667,0.02506576475009395
61,4,135.0,5,3,667,0.02506576475009395
62,4,135.0,5,3,667,0.02506576475009395
63,4,135.0,5,3,667,0.02506576475009395
64,4,135.0,5,2,667,0.02506576475009395
65,4,135.0,5,3,667,0.02506576475009395
66,4,135.0,5,3,667,0.02506576475009395
67,4,135.0,5,3,667,0.02506576475009395
68,4,135.0,5,2,667,0.02506576475009395
69,4,135.0,5,4,667,0.02506576475009395
70,4,135.0,5,5,667,0.02506576475009395
71,4,135.0,5,4,667,0.02506576475009395
72,4,135.0,5,4,667,0.02506576475009395
73,4,135.0,5,4,667,0.02506576475009395
74,4,135.0,6,4,667,0.02506576475009395
75,4,135.0,5,4,667,0.02506576475009395
76,4,135.0,5,4,667,0.02506576475009395
77,4,135.0,5,2,667,0.02506576475009395
78,4,135.0,5,1,667,0.02506576475009395
79,4,135.0,5,1,667,0.02506576475009395
80,4,135.0,0,4,667,0.02506576475009395
81,4,135.0,1,4,667,0.02506576475009395
82,4,135.0,2,4,667,0.02506576475009395
83,4,135.0,3,4,667,0.02506576475009395
84,4,135.0,5,4,667,0.02506576475009395
85,4,135.0,5,4,667,0.02506576475009395
86,4,135.0,5,5,667,0.02506576475009395
87,4,135.0,5,4,667,0.02506576475009395
88,4,135.0,4,4,667,0.02506576475009395
89,4,135.0,5,4,667,0.02506576475009395
90,4,135.0,5,4,667,0.02506576475009395
91,4,135.0,5,6,667,0.02506576475009395
92,4,135.0,5,5,667,0.02506576475009395
93,4,135.0,5,5,667,0.02506576475009395
94,4,135.0,5,5,667,0.02506576475009395
95,4,135.0,5,5,667,0.02506576475009395
96,4,135.0,5,5,667,0.02506576475009395
97,4,135.0,5,5,667,0.02506576475009395
98,4,135.0,5,3,667,0.02506576475009395
99,4,135.0,4,2,667,0.02506576475009395
100,4,135.0,5,1,667,0.02506576475009395
101,4,135.0,5,0,667,0.02506576475009395
102,4,135.0,0,5,667,0.02506576475009395
103,4,135.0,2,5,667,0.02506576475009395
104,4,135.0,4,4,667,0.02506576475009395
105,4,135.0,4,5,667,0.02506576475009395
106,4,135.0,5,4,667,0.02506576475009395
107,4,135.0,4,5,667,0.02506576475009395
108,4,135.0,5,5,667,0.02506576475009395
109,4,135.0,5,5,667,0.02506576475009395
110,4,135.0,5,5,667,0.02506576475009395
111,4,135.0,5,5,667,0.02506576475009395
112,4,135.0,5,5,667,0.02506576475009395
113,4,135.0,3,5,667,0.02506576475009395
114,4,135.0,3,5,667,0.02506576475009395
115,4,135.0,3,5,667,0.02506576475009395
116,4,135.0,3,5,667,0.02506576475009395
117,4,135.0,3,5,667,0.02506576475009395
118,4,135.0,3,5,667,0.02506576475009395
119,4,135.0,3,5,667,0.02506576475009395
120,4,135.0,3,5,667,0.02506576475009395
121,4,135.0,3,4,667,0.02506576475009395
122,4,135.0,3,2,667,0.02506576475009395
123,4,135.0,3,0,667,0.02506576475009395
124,4,135.0,0,5,667,0.02506576475009395
125,4,135.0,1,5,667,0.02506576475009395
126,4,135.0,2,5,667,0.02506576475009395
127,4,135.0,3,5,667,0.02506576475009395
128,4,135.0,3,4,667,0.02506576475009395
129,4,135.0,2,5,667,0.02506576475009395
130,4,135.0,3,5,667,0.02506576475009395
131,4,135.0,3,5,667,0.02506576475009395
132,4,135.0,3,5,667,0.02506576475009395
133,4,135.0,3,4,667,0.02506576475009395
134,4,135.0,2,5,667,0.02506576475009395
1,5,165.0,2,3,3540,0.133032694475761
2,5,165.0,2,4,3540,0.133032694475761
3,5,165.0,3,3,3540,0.133032694475761
4,5,165.0,2,3,3540,0.133032694475761
5,5,165.0,2,2,3540,0.133032694475761
6,5,165.0,2,1,3540,0.133032694475761
7,5,165.0,2,0,3540,0.133032694475761
8,5,165.0,2,1,3540,0.133032694475761
9,5,165.0,1,3,3540,0.133032694475761
10,5,165.0,0,3,3540,0.133032694475761
11,5,165.0,0,2,3540,0.133032694475761
12,5,165.0,0,1,3540,0.133032694475761
13,5,165.0,1,3,3540,0.133032694475761
14,5,165.0,2,3,3540,0.133032694475761
15,5,165.0,2,3,3540,0.133032694475761
16,5,165.0,2,3,3540,0.133032694475761
17,5,165.0,3,3,3540,0.133032694475761
18,5,165.0,2,3,3540,0.133032694475761
19,5,165.0,2,3,3540,0.133032694475761
20,5,165.0,2,3,3540,0.133032694475761
21,5,165.0,3,3,3540,0.133032694475761
22,5,165.0,3,3,3540,0.133032694475761
23,5,165.0,2,3,3540,0.133032694475761
24,5,165.0,2,3,3540,0.133032694475761
25,5,165.0,3,3,3540,0.133032694475761
26,5,165.0,3,3,3540,0.133032694475761
27,5,165.0,3,2,3540,0.133032694475761
28,5,165.0,3,1,3540,0.133032694475761
29,5,165.0,4,0,3540,0.133032694475761
30,5,165.0,3,1,3540,0.133032694475761
31,5,165.0,1,3,3540,0.133032694475761
32,5,165.0,1,3,3540,0.133032694475761
33,5,165.0,2,2,3540,0.133032694475761
34,5,165.0,3,1,3540,0.133032694475761
35,5,165.0,3,0,3540,0.133032694475761
36,5,165.0,1,2,3540,0.133032694475761
37,5,165.0,2,3,3540,0.133032694475761
38,5,165.0,3,3,3540,0.133032694475761
39,5,165.0,3,3,3540,0.133032694475761
40,5,165.0,3,3,3540,0.133032694475761
41,5,165.0,3,4,3540,0.133032694475761
42,5,165.0,3,3,3540,0.133032694475761
43,5,165.0,3,3,3540,0.133032694475761
44,5,165.0,3,3,3540,0.133032694475761
45,5,165.0,3,3,3540,0.133032694475761
46,5,165.0,3,4,3540,0.133032694475761
47,5,165.0,3,4,3540,0.133032694475761
48,5,165.0,3,0,3540,0.133032694475761
49,5,165.0,4,0,3540,0.133032694475761
50,5,165.0,4,0,3540,0.133032694475761
51,5,165.0,3,0,3540,0.133032694475761
52,5,165.0,1,0,3540,0.133032694475761
53,5,165.0,0,0,3540,0.133032694475761
54,5,165.0,1,0,3540,0.133032694475761
55,5,165.0,2,0,3540,0.133032694475761
56,5,165.0,3,0,3540,0.133032694475761
57,5,165.0,3,0,3540,0.133032694475761
58,5,165.0,2,0,3540,0.133032694475761
59,5,165.0,3,0,3540,0.133032694475761
60,5,165.0,3,0,3540,0.133032694475761
61,5,165.0,3,0,3540,0.133032694475761
62,5,165.0,3,0,3540,0.133032694475761
63,5,165.0,3,0,3540,0.133032694475761
64,5,165.0,3,0,3540,0.133032694475761
65,5,165.0,4,0,3540,0.133032694475761
66,5,165.0,3,0,3540,0.133032694475761
67,5,165.0,3,0,3540,0.133032694475761
68,5,165.0,3,0,3540,0.133032694475761
69,5,165.0,3,2,3540,0.133032694475761
70,5,165.0,3,3,3540,0.133032694475761
71,5,165.0,3,2,3540,0.133032694475761
72,5,165.0,3,2,3540,0.133032694475761
73,5,165.0,3,2,3540,0.133032694475761
74,5,165.0,4,2,3540,0.133032694475761
75,5,165.0,3,2,3540,0.133032694475761
76,5,165.0,3,2,3540,0.133032694475761
77,5,165.0,3,1,3540,0.133032694475761
78,5,165.0,3,0,3540,0.133032694475761
79,5,165.0,3,1,3540,0.133032694475761
80,5,165.0,0,2,3540,0.133032694475761
81,5,165.0,0,2,3540,0.133032694475761
82,5,165.0,1,3,3540,0.133032694475761
83,5,165.0,2,2,3540,0.133032694475761
84,5,165.0,3,2,3540,0.133032694475761
85,5,165.0,3,2,3540,0.133032694475761
86,5,165.0,3,3,3540,0.133032694475761
87,5,165.0,3,3,3540,0.133032694475761
88,5,165.0,3,2,3540,0.133032694475761
89,5,165.0,3,2,3540,0.133032694475761
90,5,165.0,3,2,3540,0.133032694475761
91,5,165.0,3,4,3540,0.133032694475761
92,5,165.0,3,3,3540,0.133032694475761
93,5,165.0,3,3,3540,0.133032694475761
94,5,165.0,3,3,3540,0.133032694475761
95,5,165.0,3,3,3540,0.133032694475761
96,5,165.0,3,3,3540,0.133032694475761
97,5,165.0,3,3,3540,0.133032694475761
98,5,165.0,3,2,3540,0.133032694475761
99,5,165.0,3,1,3540,0.133032694475761
100,5,165.0,3,0,3540,0.133032694475761
101,5,165.0,3,0,3540,0.133032694475761
102,5,165.0,1,3,3540,0.133032694475761
103,5,165.0,2,3,3540,0.133032694475761
104,5,165.0,3,3,3540,0.133032694475761
105,5,165.0,3,3,3540,0.133032694475761
106,5,165.0,3,3,3540,0.133032694475761
107,5,165.0,3,3,3540,0.133032694475761
108,5,165.0,3,3,3540,0.133032694475761
109,5,165.0,3,3,3540,0.133032694475761
110,5,165.0,3,3,3540,0.133032694475761
111,5,165.0,3,3,3540,0.133032694475761
112,5,165.0,3,3,3540,0.133032694475761
113,5,165.0,0,3,3540,0.133032694475761
114,5,165.0,0,3,3540,0.133032694475761
115,5,165.0,0,3,3540,0.133032694475761
116,5,165.0,0,3,3540,0.133032694475761
117,5,165.0,0,3,3540,0.133032694475761
118,5,165.0,0,3,3540,0.133032694475761
119,5,165.0,0,3,3540,0.133032694475761
120,5,165.0,0,3,3540,0.133032694475761
121,5,165.0,0,3,3540,0.133032694475761
122,5,165.0,0,2,3540,0.133032694475761
123,5,165.0,0,1,3540,0.133032694475761
124,5,165.0,0,3,3540,0.133032694475761
125,5,165.0,0,3,3540,0.133032694475761
126,5,165.0,0,3,3540,0.133032694475761
127,5,165.0,0,3,3540,0.133032694475761
128,5,165.0,0,3,3540,0.133032694475761
129,5,165.0,0,3,3540,0.133032694475761
130,5,165.0,0,3,3540,0.133032694475761
131,5,165.0,0,3,3540,0.133032694475761
132,5,165.0,0,3,3540,0.133032694475761
133,5,165.0,0,3,3540,0.133032694475761
134,5,165.0,0,3,3540,0.133032694475761
1,6,195.0,2,3,2705,0.10165351371664788
2,6,195.0,2,4,2705,0.10165351371664788
3,6,195.0,3,3,2705,0.10165351371664788
4,6,195.0,2,3,2705,0.10165351371664788
5,6,195.0,2,3,2705,0.10165351371664788
6,6,195.0,2,2,2705,0.10165351371664788
7,6,195.0,2,1,2705,0.10165351371664788
8,6,195.0,2,0,2705,0.10165351371664788
9,6,195.0,1,4,2705,0.10165351371664788
10,6,195.0,0,3,2705,0.10165351371664788
11,6,195.0,0,3,2705,0.10165351371664788
12,6,195.0,0,2,2705,0.10165351371664788
13,6,195.0,1,2,2705,0.10165351371664788
14,6,195.0,3,3,2705,0.10165351371664788
15,6,195.0,2,3,2705,0.10165351371664788
16,6,195.0,2,3,2705,0.10165351371664788
17,6,195.0,3,3,2705,0.10165351371664788
18,6,195.0,2,4,2705,0.10165351371664788
19,6,195.0,2,3,2705,0.10165351371664788
20,6,195.0,2,3,2705,0.10165351371664788
21,6,195.0,4,4,2705,0.10165351371664788
22,6,195.0,4,4,2705,0.10165351371664788
23,6,195.0,2,3,2705,0.10165351371664788
24,6,195.0,3,3,2705,0.10165351371664788
25,6,195.0,3,4,2705,0.10165351371664788
26,6,195.0,3,3,2705,0.10165351371664788
27,6,195.0,3,3,2705,0.10165351371664788
28,6,195.0,4,3,2705,0.10165351371664788
29,6,195.0,3,1,2705,0.10165351371664788
30,6,195.0,3,0,2705,0.10165351371664788
31,6,195.0,1,4,2705,0.10165351371664788
32,6,195.0,2,4,2705,0.10165351371664788
33,6,195.0,3,3,2705,0.10165351371664788
34,6,195.0,4,3,2705,0.10165351371664788
35,6,195.0,2,1,2705,0.10165351371664788
36,6,195.0,2,1,2705,0.10165351371664788
37,6,195.0,3,2,2705,0.10165351371664788
38,6,195.0,3,3,2705,0.10165351371664788
39,6,195.0,3,3,2705,0.10165351371664788
40,6,195.0,3,3,2705,0.10165351371664788
41,6,195.0,3,3,2705,0.10165351371664788
42,6,195.0,3,3,2705,0.10165351371664788
43,6,195.0,4,3,2705,0.10165351371664788
44,6,195.0,3,3,2705,0.10165351371664788
45,6,195.0,3,5,2705,0.10165351371664788
46,6,195.0,4,5,2705,0.10165351371664788
47,6,195.0,4,3,2705,0.10165351371664788
48,6,195.0,4,0,2705,0.10165351371664788
49,6,195.0,4,0,2705,0.10165351371664788
50,6,195.0,4,0,2705,0.10165351371664788
51,6,195.0,3,0,2705,0.10165351371664788
52,6,195.0,1,0,2705,0.10165351371664788
53,6,195.0,2,0,2705,0.10165351371664788
54,6,195.0,2,0,2705,0.10165351371664788
55,6,195.0,4,0,2705,0.10165351371664788
56,6,195.0,3,0,2705,0.10165351371664788
57,6,195.0,3,0,2705,0.10165351371664788
58,6,195.0,3,0,2705,0.10165351371664788
59,6,195.0,3,0,2705,0.10165351371664788
60,6,195.0,3,0,2705,0.10165351371664788
61,6,195.0,3,0,2705,0.10165351371664788
62,6,195.0,3,0,2705,0.10165351371664788
63,6,195.0,3,0,2705,0.10165351371664788
64,6,195.0,4,0,2705,0.10165351371664788
65,6,195.0,4,0,2705,0.10165351371664788
66,6,195.0,3,0,2705,0.10165351371664788
67,6,195.0,3,0,2705,0.10165351371664788
68,6,195.0,4,0,2705,0.10165351371664788
69,6,195.0,3,2,2705,0.10165351371664788
70,6,195.0,4,4,2705,0.10165351371664788
71,6,195.0,4,2,2705,0.10165351371664788
72,6,195.0,4,2,2705,0.10165351371664788
73,6,195.0,3,2,2705,0.10165351371664788
74,6,195.0,3,2,2705,0.10165351371664788
75,6,195.0,3,2,2705,0.10165351371664788
76,6,195.0,3,2,2705,0.10165351371664788
77,6,195.0,3,1,2705,0.10165351371664788
78,6,195.0,4,0,2705,0.10165351371664788
79,6,195.0,4,1,2705,0.10165351371664788
80,6,195.0,0,2,2705,0.10165351371664788
81,6,195.0,1,2,2705,0.10165351371664788
82,6,195.0,2,4,2705,0.10165351371664788
83,6,195.0,3,2,2705,0.10165351371664788
84,6,195.0,4,2,2705,0.10165351371664788
85,6,195.0,4,2,2705,0.10165351371664788
86,6,195.0,3,3,2705,0.10165351371664788
87,6,195.0,4,3,2705,0.10165351371664788
88,6,195.0,3,2,2705,0.10165351371664788
89,6,195.0,4,3,2705,0.10165351371664788
90,6,195.0,3,3,2705,0.10165351371664788
91,6,195.0,3,3,2705,0.10165351371664788
92,6,195.0,4,3,2705,0.10165351371664788
93,6,195.0,4,4,2705,0.10165351371664788
94,6,195.0,3,3,2705,0.10165351371664788
95,6,195.0,4,3,2705,0.10165351371664788
96,6,195.0,3,4,2705,0.10165351371664788
97,6,195.0,3,4,2705,0.10165351371664788
98,6,195.0,4,3,2705,0.10165351371664788
99,6,195.0,3,2,2705,0.10165351371664788
100,6,195.0,3,1,2705,0.10165351371664788
101,6,195.0,2,0,2705,0.10165351371664788
102,6,195.0,2,4,2705,0.10165351371664788
103,6,195.0,4,4,2705,0.10165351371664788
104,6,195.0,4,3,2705,0.10165351371664788
105,6,195.0,3,4,2705,0.10165351371664788
106,6,195.0,3,3,2705,0.10165351371664788
107,6,195.0,3,4,2705,0.10165351371664788
108,6,195.0,3,3,2705,0.10165351371664788
109,6,195.0,3,3,2705,0.10165351371664788
110,6,195.0,4,4,2705,0.10165351371664788
111,6,195.0,3,3,2705,0.10165351371664788
112,6,195.0,3,4,2705,0.10165351371664788
113,6,195.0,0,4,2705,0.10165351371664788
114,6,195.0,0,3,2705,0.10165351371664788
115,6,195.0,0,4,2705,0.10165351371664788
116,6,195.0,0,3,2705,0.10165351371664788
117,6,195.0,0,3,2705,0.10165351371664788
118,6,195.0,0,4,2705,0.10165351371664788
119,6,195.0,0,3,2705,0.10165351371664788
120,6,195.0,0,3,2705,0.10165351371664788
121,6,195.0,0,3,2705,0.10165351371664788
122,6,195.0,0,3,2705,0.10165351371664788
123,6,195.0,0,2,2705,0.10165351371664788
124,6,195.0,0,3,2705,0.10165351371664788
125,6,195.0,0,3,2705,0.10165351371664788
126,6,195.0,0,3,2705,0.10165351371664788
127,6,195.0,0,4,2705,0.10165351371664788
128,6,195.0,0,3,2705,0.10165351371664788
129,6,195.0,0,3,2705,0.10165351371664788
130,6,195.0,0,4,2705,0.10165351371664788
131,6,195.0,0,3,2705,0.10165351371664788
132,6,195.0,0,3,2705,0.10165351371664788
133,6,195.0,0,3,2705,0.10165351371664788
134,6,195.0,0,4,2705,0.10165351371664788
1,7,225.0,1,2,1287,0.04836527621195039
2,7,225.0,1,2,1287,0.04836527621195039
3,7,225.0,1,2,1287,0.04836527621195039
4,7,225.0,1,2,1287,0.04836527621195039
5,7,225.0,1,2,1287,0.04836527621195039
6,7,225.0,1,2,1287,0.04836527621195039
7,7,225.0,1,1,1287,0.04836527621195039
8,7,225.0,1,0,1287,0.04836527621195039
9,7,225.0,1,2,1287,0.04836527621195039
10,7,225.0,1,2,1287,0.04836527621195039
11,7,225.0,0,4,1287,0.04836527621195039
12,7,225.0,0,2,1287,0.04836527621195039
13,7,225.0,1,1,1287,0.04836527621195039
14,7,225.0,2,2,1287,0.04836527621195039
15,7,225.0,1,2,1287,0.04836527621195039
16,7,225.0,1,2,1287,0.04836527621195039
17,7,225.0,1,2,1287,0.04836527621195039
18,7,225.0,1,2,1287,0.04836527621195039
19,7,225.0,2,2,1287,0.04836527621195039
20,7,225.0,3,2,1287,0.04836527621195039
21,7,225.0,2,4,1287,0.04836527621195039
22,7,225.0,2,3,1287,0.04836527621195039
23,7,225.0,1,2,1287,0.04836527621195039
24,7,225.0,2,2,1287,0.04836527621195039
25,7,225.0,2,4,1287,0.04836527621195039
26,7,225.0,2,3,1287,0.04836527621195039
27,7,225.0,2,2,1287,0.04836527621195039
28,7,225.0,3,3,1287,0.04836527621195039
29,7,225.0,2,2,1287,0.04836527621195039
30,7,225.0,2,0,1287,0.04836527621195039
31,7,225.0,1,3,1287,0.04836527621195039
32,7,225.0,2,3,1287,0.04836527621195039
33,7,225.0,2,2,1287,0.04836527621195039
34,7,225.0,3,3,1287,0.04836527621195039
35,7,225.0,1,2,1287,0.04836527621195039
36,7,225.0,2,0,1287,0.04836527621195039
37,7,225.0,2,1,1287,0.04836527621195039
38,7,225.0,2,2,1287,0.04836527621195039
39,7,225.0,2,2,1287,0.04836527621195039
40,7,225.0,2,2,1287,0.04836527621195039
41,7,225.0,2,2,1287,0.04836527621195039
42,7,225.0,2,2,1287,0.04836527621195039
43,7,225.0,2,2,1287,0.04836527621195039
44,7,225.0,2,2,1287,0.04836527621195039
45,7,225.0,2,3,1287,0.04836527621195039
46,7,225.0,3,3,1287,0.04836527621195039
47,7,225.0,4,2,1287,0.04836527621195039
48,7,225.0,5,0,1287,0.04836527621195039
49,7,225.0,3,2,1287,0.04836527621195039
50,7,225.0,2,1,1287,0.04836527621195039
51,7,225.0,2,1,1287,0.04836527621195039
52,7,225.0,1,0,1287,0.04836527621195039
53,7,225.0,2,0,1287,0.04836527621195039
54,7,225.0,2,0,1287,0.04836527621195039
55,7,225.0,3,0,1287,0.04836527621195039
56,7,225.0,2,0,1287,0.04836527621195039
57,7,225.0,2,0,1287,0.04836527621195039
58,7,225.0,2,0,1287,0.04836527621195039
59,7,225.0,2,0,1287,0.04836527621195039
60,7,225.0,2,0,1287,0.04836527621195039
61,7,225.0,2,0,1287,0.04836527621195039
62,7,225.0,2,0,1287,0.04836527621195039
63,7,225.0,2,0,1287,0.04836527621195039
64,7,225.0,4,0,1287,0.04836527621195039
65,7,225.0,3,1,1287,0.04836527621195039
66,7,225.0,2,0,1287,0.04836527621195039
67,7,225.0,2,0,1287,0.04836527621195039
68,7,225.0,3,0,1287,0.04836527621195039
69,7,225.0,2,1,1287,0.04836527621195039
70,7,225.0,2,2,1287,0.04836527621195039
71,7,225.0,3,1,1287,0.04836527621195039
72,7,225.0,2,1,1287,0.04836527621195039
73,7,225.0,2,1,1287,0.04836527621195039
74,7,225.0,2,1,1287,0.04836527621195039
75,7,225.0,2,1,1287,0.04836527621195039
76,7,225.0,2,1,1287,0.04836527621195039
77,7,225.0,2,1,1287,0.04836527621195039
78,7,225.0,2,0,1287,0.04836527621195039
79,7,225.0,2,0,1287,0.04836527621195039
80,7,225.0,0,1,1287,0.04836527621195039
81,7,225.0,1,1,1287,0.04836527621195039
82,7,225.0,3,2,1287,0.04836527621195039
83,7,225.0,2,2,1287,0.04836527621195039
84,7,225.0,2,1,1287,0.04836527621195039
85,7,225.0,2,1,1287,0.04836527621195039
86,7,225.0,2,1,1287,0.04836527621195039
87,7,225.0,3,1,1287,0.04836527621195039
88,7,225.0,2,2,1287,0.04836527621195039
89,7,225.0,2,2,1287,0.04836527621195039
90,7,225.0,2,2,1287,0.04836527621195039
91,7,225.0,2,2,1287,0.04836527621195039
92,7,225.0,2,2,1287,0.04836527621195039
93,7,225.0,2,3,1287,0.04836527621195039
94,7,225.0,2,2,1287,0.04836527621195039
95,7,225.0,2,2,1287,0.04836527621195039
96,7,225.0,2,2,1287,0.04836527621195039
97,7,225.0,2,2,1287,0.04836527621195039
98,7,225.0,3,2,1287,0.04836527621195039
99,7,225.0,2,3,1287,0.04836527621195039
100,7,225.0,2,1,1287,0.04836527621195039
101,7,225.0,1,0,1287,0.04836527621195039
102,7,225.0,2,2,1287,0.04836527621195039
103,7,225.0,3,2,1287,0.04836527621195039
104,7,225.0,3,2,1287,0.04836527621195039
105,7,225.0,2,3,1287,0.04836527621195039
106,7,225.0,3,2,1287,0.04836527621195039
107,7,225.0,2,3,1287,0.04836527621195039
108,7,225.0,2,2,1287,0.04836527621195039
109,7,225.0,2,2,1287,0.04836527621195039
110,7,225.0,2,2,1287,0.04836527621195039
111,7,225.0,2,2,1287,0.04836527621195039
112,7,225.0,2,2,1287,0.04836527621195039
113,7,225.0,0,2,1287,0.04836527621195039
114,7,225.0,0,2,1287,0.04836527621195039
115,7,225.0,0,2,1287,0.04836527621195039
116,7,225.0,0,2,1287,0.04836527621195039
117,7,225.0,0,2,1287,0.04836527621195039
118,7,225.0,0,2,1287,0.04836527621195039
119,7,225.0,0,2,1287,0.04836527621195039
120,7,225.0,0,2,1287,0.04836527621195039
121,7,225.0,0,2,1287,0.04836527621195039
122,7,225.0,0,2,1287,0.04836527621195039
123,7,225.0,0,2,1287,0.04836527621195039
124,7,225.0,0,1,1287,0.04836527621195039
125,7,225.0,0,2,1287,0.04836527621195039
126,7,225.0,0,2,1287,0.04836527621195039
127,7,225.0,0,3,1287,0.04836527621195039
128,7,225.0,1,2,1287,0.04836527621195039
129,7,225.0,0,3,1287,0.04836527621195039
130,7,225.0,0,2,1287,0.04836527621195039
131,7,225.0,0,2,1287,0.04836527621195039
132,7,225.0,0,2,1287,0.04836527621195039
133,7,225.0,1,2,1287,0.04836527621195039
134,7,225.0,0,3,1287,0.04836527621195039
1,8,255.0,3,4,818,0.03074032318677189
2,8,255.0,3,4,818,0.03074032318677189
3,8,255.0,3,4,818,0.03074032318677189
4,8,255.0,3,4,818,0.03074032318677189
5,8,255.0,3,4,818,0.03074032318677189
6,8,255.0,2,4,818,0.03074032318677189
7,8,255.0,1,4,818,0.03074032318677189
8,8,255.0,1,3,818,0.03074032318677189
9,8,255.0,3,2,818,0.03074032318677189
10,8,255.0,2,2,818,0.03074032318677189
11,8,255.0,1,3,818,0.03074032318677189
12,8,255.0,0,4,818,0.03074032318677189
13,8,255.0,3,0,818,0.03074032318677189
14,8,255.0,4,2,818,0.03074032318677189
15,8,255.0,3,3,818,0.03074032318677189
16,8,255.0,3,4,818,0.03074032318677189
17,8,255.0,3,4,818,0.03074032318677189
18,8,255.0,3,4,818,0.03074032318677189
19,8,255.0,3,4,818,0.03074032318677189
20,8,255.0,3,4,818,0.03074032318677189
21,8,255.0,4,4,818,0.03074032318677189
22,8,255.0,4,4,818,0.03074032318677189
23,8,255.0,3,4,818,0.03074032318677189
24,8,255.0,4,4,818,0.03074032318677189
25,8,255.0,4,4,818,0.03074032318677189
26,8,255.0,4,4,818,0.03074032318677189
27,8,255.0,4,4,818,0.03074032318677189
28,8,255.0,3,5,818,0.03074032318677189
29,8,255.0,2,4,818,0.03074032318677189
30,8,255.0,1,3,818,0.03074032318677189
31,8,255.0,4,2,818,0.03074032318677189
32,8,255.0,4,3,818,0.03074032318677189
33,8,255.0,3,3,818,0.03074032318677189
34,8,255.0,2,5,818,0.03074032318677189
35,8,255.0,0,4,818,0.03074032318677189
36,8,255.0,4,0,818,0.03074032318677189
37,8,255.0,4,1,818,0.03074032318677189
38,8,255.0,4,3,818,0.03074032318677189
39,8,255.0,4,4,818,0.03074032318677189
40,8,255.0,4,4,818,0.03074032318677189
41,8,255.0,4,4,818,0.03074032318677189
42,8,255.0,4,4,818,0.03074032318677189
43,8,255.0,4,4,818,0.03074032318677189
44,8,255.0,4,4,818,0.03074032318677189
45,8,255.0,4,5,818,0.03074032318677189
46,8,255.0,4,5,818,0.03074032318677189
47,8,255.0,4,4,818,0.03074032318677189
48,8,255.0,4,3,818,0.03074032318677189
49,8,255.0,4,3,818,0.03074032318677189
50,8,255.0,2,3,818,0.03074032318677189
51,8,255.0,1,3,818,0.03074032318677189
52,8,255.0,4,0,818,0.03074032318677189
53,8,255.0,5,1,818,0.03074032318677189
54,8,255.0,4,2,818,0.03074032318677189
55,8,255.0,4,3,818,0.03074032318677189
56,8,255.0,2,3,818,0.03074032318677189
57,8,255.0,1,3,818,0.03074032318677189
58,8,255.0,4,0,818,0.03074032318677189
59,8,255.0,4,1,818,0.03074032318677189
60,8,255.0,4,2,818,0.03074032318677189
61,8,255.0,4,3,818,0.03074032318677189
62,8,255.0,4,3,818,0.03074032318677189
63,8,255.0,4,3,818,0.03074032318677189
64,8,255.0,5,3,818,0.03074032318677189
65,8,255.0,5,3,818,0.03074032318677189
66,8,255.0,4,3,818,0.03074032318677189
67,8,255.0,4,3,818,0.03074032318677189
68,8,255.0,4,3,818,0.03074032318677189
69,8,255.0,4,3,818,0.03074032318677189
70,8,255.0,4,4,818,0.03074032318677189
71,8,255.0,5,3,818,0.03074032318677189
72,8,255.0,4,3,818,0.03074032318677189
73,8,255.0,4,3,818,0.03074032318677189
74,8,255.0,4,3,818,0.03074032318677189
75,8,255.0,4,3,818,0.03074032318677189
76,8,255.0,4,3,818,0.03074032318677189
77,8,255.0,3,3,818,0.03074032318677189
78,8,255.0,2,3,818,0.03074032318677189
79,8,255.0,1,3,818,0.03074032318677189
80,8,255.0,3,0,818,0.03074032318677189
81,8,255.0,4,1,818,0.03074032318677189
82,8,255.0,4,3,818,0.03074032318677189
83,8,255.0,4,3,818,0.03074032318677189
84,8,255.0,4,3,818,0.03074032318677189
85,8,255.0,4,3,818,0.03074032318677189
86,8,255.0,4,3,818,0.03074032318677189
87,8,255.0,4,3,818,0.03074032318677189
88,8,255.0,4,3,818,0.03074032318677189
89,8,255.0,4,4,818,0.03074032318677189
90,8,255.0,4,4,818,0.03074032318677189
91,8,255.0,4,4,818,0.03074032318677189
92,8,255.0,4,4,818,0.03074032318677189
93,8,255.0,4,5,818,0.03074032318677189
94,8,255.0,4,4,818,0.03074032318677189
95,8,255.0,4,4,818,0.03074032318677189
96,8,255.0,4,4,818,0.03074032318677189
97,8,255.0,4,4,818,0.03074032318677189
98,8,255.0,4,4,818,0.03074032318677189
99,8,255.0,3,4,818,0.03074032318677189
100,8,255.0,2,4,818,0.03074032318677189
101,8,255.0,0,3,818,0.03074032318677189
102,8,255.0,4,1,818,0.03074032318677189
103,8,255.0,5,2,818,0.03074032318677189
104,8,255.0,4,3,818,0.03074032318677189
105,8,255.0,4,4,818,0.03074032318677189
106,8,255.0,4,4,818,0.03074032318677189
107,8,255.0,4,4,818,0.03074032318677189
108,8,255.0,4,4,818,0.03074032318677189
109,8,255.0,4,4,818,0.03074032318677189
110,8,255.0,4,4,818,0.03074032318677189
111,8,255.0,4,4,818,0.03074032318677189
112,8,255.0,4,4,818,0.03074032318677189
113,8,255.0,3,4,818,0.03074032318677189
114,8,255.0,3,4,818,0.03074032318677189
115,8,255.0,3,4,818,0.03074032318677189
116,8,255.0,3,4,818,0.03074032318677189
117,8,255.0,3,4,818,0.03074032318677189
118,8,255.0,3,4,818,0.03074032318677189
119,8,255.0,3,4,818,0.03074032318677189
120,8,255.0,3,4,818,0.03074032318677189
121,8,255.0,2,4,818,0.03074032318677189
122,8,255.0,1,4,818,0.03074032318677189
123,8,255.0,0,4,818,0.03074032318677189
124,8,255.0,3,0,818,0.03074032318677189
125,8,255.0,3,2,818,0.03074032318677189
126,8,255.0,3,3,818,0.03074032318677189
127,8,255.0,3,5,818,0.03074032318677189
128,8,255.0,3,4,818,0.03074032318677189
129,8,255.0,3,4,818,0.03074032318677189
130,8,255.0,3,4,818,0.03074032318677189
131,8,255.0,3,4,818,0.03074032318677189
132,8,255.0,3,4,818,0.03074032318677189
133,8,255.0,3,4,818,0.03074032318677189
134,8,255.0,3,4,818,0.03074032318677189
1,9,285.0,4,3,528,0.01984216459977452
2,9,285.0,4,3,528,0.01984216459977452
3,9,285.0,4,3,528,0.01984216459977452
4,9,285.0,4,3,528,0.01984216459977452
5,9,285.0,3,3,528,0.01984216459977452
6,9,285.0,2,3,528,0.01984216459977452
7,9,285.0,1,3,528,0.01984216459977452
8,9,285.0,2,3,528,0.01984216459977452
9,9,285.0,3,1,528,0.01984216459977452
10,9,285.0,3,1,528,0.01984216459977452
11,9,285.0,1,2,528,0.01984216459977452
12,9,285.0,0,3,528,0.01984216459977452
13,9,285.0,4,0,528,0.01984216459977452
14,9,285.0,4,1,528,0.01984216459977452
15,9,285.0,4,2,528,0.01984216459977452
16,9,285.0,4,3,528,0.01984216459977452
17,9,285.0,4,3,528,0.01984216459977452
18,9,285.0,3,3,528,0.01984216459977452
19,9,285.0,4,3,528,0.01984216459977452
20,9,285.0,4,3,528,0.01984216459977452
21,9,285.0,3,3,528,0.01984216459977452
22,9,285.0,3,3,528,0.01984216459977452
23,9,285.0,4,3,528,0.01984216459977452
24,9,285.0,4,3,528,0.01984216459977452
25,9,285.0,3,4,528,0.01984216459977452
26,9,285.0,4,4,528,0.01984216459977452
27,9,285.0,3,4,528,0.01984216459977452
28,9,285.0,2,3,528,0.01984216459977452
29,9,285.0,1,5,528,0.01984216459977452
30,9,285.0,1,4,528,0.01984216459977452
31,9,285.0,4,1,528,0.01984216459977452
32,9,285.0,4,1,528,0.01984216459977452
33,9,285.0,2,2,528,0.01984216459977452
34,9,285.0,1,3,528,0.01984216459977452
35,9,285.0,0,4,528,0.01984216459977452
36,9,285.0,4,0,528,0.01984216459977452
37,9,285.0,4,1,528,0.01984216459977452
38,9,285.0,4,3,528,0.01984216459977452
39,9,285.0,4,4,528,0.01984216459977452
40,9,285.0,4,4,528,0.01984216459977452
41,9,285.0,5,4,528,0.01984216459977452
42,9,285.0,4,4,528,0.01984216459977452
43,9,285.0,4,3,528,0.01984216459977452
44,9,285.0,4,4,528,0.01984216459977452
45,9,285.0,3,4,528,0.01984216459977452
46,9,285.0,4,3,528,0.01984216459977452
47,9,285.0,5,3,528,0.01984216459977452
48,9,285.0,3,3,528,0.01984216459977452
49,9,285.0,2,5,528,0.01984216459977452
50,9,285.0,1,4,528,0.01984216459977452
51,9,285.0,0,4,528,0.01984216459977452
52,9,285.0,3,1,528,0.01984216459977452
53,9,285.0,3,1,528,0.01984216459977452
54,9,285.0,3,2,528,0.01984216459977452
55,9,285.0,2,3,528,0.01984216459977452
56,9,285.0,1,4,528,0.01984216459977452
57,9,285.0,0,4,528,0.01984216459977452
58,9,285.0,3,0,528,0.01984216459977452
59,9,285.0,3,2,528,0.01984216459977452
60,9,285.0,3,3,528,0.01984216459977452
61,9,285.0,3,4,528,0.01984216459977452
62,9,285.0,3,4,528,0.01984216459977452
63,9,285.0,3,4,528,0.01984216459977452
64,9,285.0,3,4,528,0.01984216459977452
65,9,285.0,3,5,528,0.01984216459977452
66,9,285.0,3,4,528,0.01984216459977452
67,9,285.0,3,4,528,0.01984216459977452
68,9,285.0,3,3,528,0.01984216459977452
69,9,285.0,3,4,528,0.01984216459977452
70,9,285.0,3,3,528,0.01984216459977452
71,9,285.0,3,4,528,0.01984216459977452
72,9,285.0,3,3,528,0.01984216459977452
73,9,285.0,3,4,528,0.01984216459977452
74,9,285.0,3,5,528,0.01984216459977452
75,9,285.0,3,4,528,0.01984216459977452
76,9,285.0,3,4,528,0.01984216459977452
77,9,285.0,2,4,528,0.01984216459977452
78,9,285.0,1,3,528,0.01984216459977452
79,9,285.0,0,3,528,0.01984216459977452
80,9,285.0,3,0,528,0.01984216459977452
81,9,285.0,3,1,528,0.01984216459977452
82,9,285.0,3,2,528,0.01984216459977452
83,9,285.0,3,3,528,0.01984216459977452
84,9,285.0,3,3,528,0.01984216459977452
85,9,285.0,3,3,528,0.01984216459977452
86,9,285.0,3,4,528,0.01984216459977452
87,9,285.0,3,3,528,0.01984216459977452
88,9,285.0,3,4,528,0.01984216459977452
89,9,285.0,3,3,528,0.01984216459977452
90,9,285.0,3,4,528,0.01984216459977452
91,9,285.0,5,4,528,0.01984216459977452
92,9,285.0,4,3,528,0.01984216459977452
93,9,285.0,4,3,528,0.01984216459977452
94,9,285.0,4,4,528,0.01984216459977452
95,9,285.0,4,3,528,0.01984216459977452
96,9,285.0,3,4,528,0.01984216459977452
97,9,285.0,3,4,528,0.01984216459977452
98,9,285.0,3,3,528,0.01984216459977452
99,9,285.0,2,4,528,0.01984216459977452
100,9,285.0,1,4,528,0.01984216459977452
101,9,285.0,0,4,528,0.01984216459977452
102,9,285.0,3,0,528,0.01984216459977452
103,9,285.0,3,1,528,0.01984216459977452
104,9,285.0,4,2,528,0.01984216459977452
105,9,285.0,3,4,528,0.01984216459977452
106,9,285.0,4,4,528,0.01984216459977452
107,9,285.0,3,4,528,0.01984216459977452
108,9,285.0,4,4,528,0.01984216459977452
109,9,285.0,4,4,528,0.01984216459977452
110,9,285.0,3,3,528,0.01984216459977452
111,9,285.0,4,4,528,0.01984216459977452
112,9,285.0,3,4,528,0.01984216459977452
113,9,285.0,3,3,528,0.01984216459977452
114,9,285.0,4,3,528,0.01984216459977452
115,9,285.0,3,3,528,0.01984216459977452
116,9,285.0,4,3,528,0.01984216459977452
117,9,285.0,4,3,528,0.01984216459977452
118,9,285.0,3,3,528,0.01984216459977452
119,9,285.0,4,3,528,0.01984216459977452
120,9,285.0,4,3,528,0.01984216459977452
121,9,285.0,3,3,528,0.01984216459977452
122,9,285.0,1,3,528,0.01984216459977452
123,9,285.0,0,3,528,0.01984216459977452
124,9,285.0,3,0,528,0.01984216459977452
125,9,285.0,4,1,528,0.01984216459977452
126,9,285.0,4,2,528,0.01984216459977452
127,9,285.0,4,3,528,0.01984216459977452
128,9,285.0,4,3,528,0.01984216459977452
129,9,285.0,4,3,528,0.01984216459977452
130,9,285.0,3,3,528,0.01984216459977452
131,9,285.0,4,3,528,0.01984216459977452
132,9,285.0,4,3,528,0.01984216459977452
133,9,285.0,4,3,528,0.01984216459977452
134,9,285.0,3,3,528,0.01984216459977452
1,10,315.0,5,4,1621,0.06091694851559564
2,10,315.0,6,4,1621,0.06091694851559564
3,10,315.0,5,5,1621,0.06091694851559564
4,10,315.0,5,4,1621,0.06091694851559564
5,10,315.0,4,4,1621,0.06091694851559564
6,10,315.0,2,4,1621,0.06091694851559564
7,10,315.0,1,4,1621,0.06091694851559564
8,10,315.0,2,4,1621,0.06091694851559564
9,10,315.0,4,2,1621,0.06091694851559564
10,10,315.0,3,1,1621,0.06091694851559564
11,10,315.0,2,0,1621,0.06091694851559564
12,10,315.0,0,3,1621,0.06091694851559564
13,10,315.0,5,0,1621,0.06091694851559564
14,10,315.0,5,2,1621,0.06091694851559564
15,10,315.0,5,3,1621,0.06091694851559564
16,10,315.0,5,4,1621,0.06091694851559564
17,10,315.0,5,5,1621,0.06091694851559564
18,10,315.0,5,4,1621,0.06091694851559564
19,10,315.0,4,4,1621,0.06091694851559564
20,10,315.0,3,4,1621,0.06091694851559564
21,10,315.0,5,3,1621,0.06091694851559564
22,10,315.0,5,4,1621,0.06091694851559564
23,10,315.0,5,4,1621,0.06091694851559564
24,10,315.0,5,4,1621,0.06091694851559564
25,10,315.0,5,3,1621,0.06091694851559564
26,10,315.0,5,4,1621,0.06091694851559564
27,10,315.0,4,5,1621,0.06091694851559564
28,10,315.0,1,5,1621,0.06091694851559564
29,10,315.0,1,5,1621,0.06091694851559564
30,10,315.0,1,5,1621,0.06091694851559564
31,10,315.0,5,1,1621,0.06091694851559564
32,10,315.0,5,1,1621,0.06091694851559564
33,10,315.0,3,3,1621,0.06091694851559564
34,10,315.0,0,5,1621,0.06091694851559564
35,10,315.0,0,4,1621,0.06091694851559564
36,10,315.0,5,0,1621,0.06091694851559564
37,10,315.0,5,2,1621,0.06091694851559564
38,10,315.0,5,4,1621,0.06091694851559564
39,10,315.0,5,5,1621,0.06091694851559564
40,10,315.0,5,5,1621,0.06091694851559564
41,10,315.0,6,5,1621,0.06091694851559564
42,10,315.0,5,5,1621,0.06091694851559564
43,10,315.0,5,5,1621,0.06091694851559564
44,10,315.0,5,5,1621,0.06091694851559564
45,10,315.0,5,5,1621,0.06091694851559564
46,10,315.0,5,5,1621,0.06091694851559564
47,10,315.0,4,5,1621,0.06091694851559564
48,10,315.0,0,5,1621,0.06091694851559564
49,10,315.0,2,4,1621,0.06091694851559564
50,10,315.0,1,5,1621,0.06091694851559564
51,10,315.0,0,4,1621,0.06091694851559564
52,10,315.0,3,1,1621,0.06091694851559564
53,10,315.0,3,1,1621,0.06091694851559564
54,10,315.0,3,2,1621,0.06091694851559564
55,10,315.0,2,4,1621,0.06091694851559564
56,10,315.0,1,5,1621,0.06091694851559564
57,10,315.0,0,5,1621,0.06091694851559564
58,10,315.0,3,1,1621,0.06091694851559564
59,10,315.0,3,3,1621,0.06091694851559564
60,10,315.0,3,4,1621,0.06091694851559564
61,10,315.0,3,5,1621,0.06091694851559564
62,10,315.0,3,5,1621,0.06091694851559564
63,10,315.0,3,5,1621,0.06091694851559564
64,10,315.0,2,5,1621,0.06091694851559564
65,10,315.0,3,5,1621,0.06091694851559564
66,10,315.0,3,5,1621,0.06091694851559564
67,10,315.0,3,5,1621,0.06091694851559564
68,10,315.0,2,5,1621,0.06091694851559564
69,10,315.0,4,5,1621,0.06091694851559564
70,10,315.0,5,5,1621,0.06091694851559564
71,10,315.0,4,5,1621,0.06091694851559564
72,10,315.0,4,5,1621,0.06091694851559564
73,10,315.0,4,5,1621,0.06091694851559564
74,10,315.0,4,6,1621,0.06091694851559564
75,10,315.0,4,5,1621,0.06091694851559564
76,10,315.0,4,5,1621,0.06091694851559564
77,10,315.0,2,5,1621,0.06091694851559564
78,10,315.0,1,5,1621,0.06091694851559564
79,10,315.0,1,5,1621,0.06091694851559564
80,10,315.0,4,0,1621,0.06091694851559564
81,10,315.0,4,1,1621,0.06091694851559564
82,10,315.0,4,2,1621,0.06091694851559564
83,10,315.0,4,3,1621,0.06091694851559564
84,10,315.0,4,5,1621,0.06091694851559564
85,10,315.0,4,5,1621,0.06091694851559564
86,10,315.0,5,5,1621,0.06091694851559564
87,10,315.0,4,5,1621,0.06091694851559564
88,10,315.0,4,4,1621,0.06091694851559564
89,10,315.0,4,5,1621,0.06091694851559564
90,10,315.0,4,5,1621,0.06091694851559564
91,10,315.0,6,5,1621,0.06091694851559564
92,10,315.0,5,5,1621,0.06091694851559564
93,10,315.0,5,5,1621,0.06091694851559564
94,10,315.0,5,5,1621,0.06091694851559564
95,10,315.0,5,5,1621,0.06091694851559564
96,10,315.0,5,5,1621,0.06091694851559564
97,10,315.0,5,5,1621,0.06091694851559564
98,10,315.0,3,5,1621,0.06091694851559564
99,10,315.0,2,4,1621,0.06091694851559564
100,10,315.0,1,5,1621,0.06091694851559564
101,10,315.0,0,5,1621,0.06091694851559564
102,10,315.0,5,0,1621,0.06091694851559564
103,10,315.0,5,2,1621,0.06091694851559564
104,10,315.0,4,4,1621,0.06091694851559564
105,10,315.0,5,4,1621,0.06091694851559564
106,10,315.0,4,5,1621,0.06091694851559564
107,10,315.0,5,4,1621,0.06091694851559564
108,10,315.0,5,5,1621,0.06091694851559564
109,10,315.0,5,5,1621,0.06091694851559564
110,10,315.0,5,5,1621,0.06091694851559564
111,10,315.0,5,5,1621,0.06091694851559564
112,10,315.0,5,5,1621,0.06091694851559564
113,10,315.0,5,3,1621,0.06091694851559564
114,10,315.0,5,3,1621,0.06091694851559564
115,10,315.0,5,3,1621,0.06091694851559564
116,10,315.0,5,3,1621,0.06091694851559564
117,10,315.0,5,3,1621,0.06091694851559564
118,10,315.0,5,3,1621,0.06091694851559564
119,10,315.0,5,3,1621,0.06091694851559564
120,10,315.0,5,3,1621,0.06091694851559564
121,10,315.0,4,3,1621,0.06091694851559564
122,10,315.0,2,3,1621,0.06091694851559564
123,10,315.0,0,3,1621,0.06091694851559564
124,10,315.0,5,0,1621,0.06091694851559564
125,10,315.0,5,1,1621,0.06091694851559564
126,10,315.0,5,2,1621,0.06091694851559564
127,10,315.0,5,3,1621,0.06091694851559564
128,10,315.0,4,3,1621,0.06091694851559564
129,10,315.0,5,2,1621,0.06091694851559564
130,10,315.0,5,3,1621,0.06091694851559564
131,10,315.0,5,3,1621,0.06091694851559564
132,10,315.0,5,3,1621,0.06091694851559564
133,10,315.0,4,3,1621,0.06091694851559564
134,10,315.0,5,2,1621,0.06091694851559564
1,11,345.0,3,2,7203,0.2706877113866967
2,11,345.0,4,2,7203,0.2706877113866967
3,11,345.0,3,3,7203,0.2706877113866967
4,11,345.0,3,2,7203,0.2706877113866967
5,11,345.0,2,2,7203,0.2706877113866967
6,11,345.0,1,2,7203,0.2706877113866967
7,11,345.0,0,2,7203,0.2706877113866967
8,11,345.0,1,2,7203,0.2706877113866967
9,11,345.0,3,1,7203,0.2706877113866967
10,11,345.0,3,0,7203,0.2706877113866967
11,11,345.0,2,0,7203,0.2706877113866967
12,11,345.0,1,0,7203,0.2706877113866967
13,11,345.0,3,1,7203,0.2706877113866967
14,11,345.0,3,2,7203,0.2706877113866967
15,11,345.0,3,2,7203,0.2706877113866967
16,11,345.0,3,2,7203,0.2706877113866967
17,11,345.0,3,3,7203,0.2706877113866967
18,11,345.0,3,2,7203,0.2706877113866967
19,11,345.0,3,2,7203,0.2706877113866967
20,11,345.0,3,2,7203,0.2706877113866967
21,11,345.0,3,3,7203,0.2706877113866967
22,11,345.0,3,3,7203,0.2706877113866967
23,11,345.0,3,2,7203,0.2706877113866967
24,11,345.0,3,2,7203,0.2706877113866967
25,11,345.0,3,3,7203,0.2706877113866967
26,11,345.0,3,3,7203,0.2706877113866967
27,11,345.0,2,3,7203,0.2706877113866967
28,11,345.0,1,3,7203,0.2706877113866967
29,11,345.0,0,4,7203,0.2706877113866967
30,11,345.0,1,3,7203,0.2706877113866967
31,11,345.0,3,1,7203,0.2706877113866967
32,11,345.0,3,1,7203,0.2706877113866967
33,11,345.0,2,2,7203,0.2706877113866967
34,11,345.0,1,3,7203,0.2706877113866967
35,11,345.0,0,3,7203,0.2706877113866967
36,11,345.0,2,1,7203,0.2706877113866967
37,11,345.0,3,2,7203,0.2706877113866967
38,11,345.0,3,3,7203,0.2706877113866967
39,11,345.0,3,3,7203,0.2706877113866967
40,11,345.0,3,3,7203,0.2706877113866967
41,11,345.0,4,3,7203,0.2706877113866967
42,11,345.0,3,3,7203,0.2706877113866967
43,11,345.0,3,3,7203,0.2706877113866967
44,11,345.0,3,3,7203,0.2706877113866967
45,11,345.0,3,3,7203,0.2706877113866967
46,11,345.0,4,3,7203,0.2706877113866967
47,11,345.0,4,3,7203,0.2706877113866967
48,11,345.0,0,3,7203,0.2706877113866967
49,11,345.0,0,4,7203,0.2706877113866967
50,11,345.0,0,4,7203,0.2706877113866967
51,11,345.0,0,3,7203,0.2706877113866967
52,11,345.0,0,1,7203,0.2706877113866967
53,11,345.0,0,0,7203,0.2706877113866967
54,11,345.0,0,1,7203,0.2706877113866967
55,11,345.0,0,2,7203,0.2706877113866967
56,11,345.0,0,3,7203,0.2706877113866967
57,11,345.0,0,3,7203,0.2706877113866967
58,11,345.0,0,2,7203,0.2706877113866967
59,11,345.0,0,3,7203,0.2706877113866967
60,11,345.0,0,3,7203,0.2706877113866967
61,11,345.0,0,3,7203,0.2706877113866967
62,11,345.0,0,3,7203,0.2706877113866967
63,11,345.0,0,3,7203,0.2706877113866967
64,11,345.0,0,3,7203,0.2706877113866967
65,11,345.0,0,4,7203,0.2706877113866967
66,11,345.0,0,3,7203,0.2706877113866967
67,11,345.0,0,3,7203,0.2706877113866967
68,11,345.0,0,3,7203,0.2706877113866967
69,11,345.0,2,3,7203,0.2706877113866967
70,11,345.0,3,3,7203,0.2706877113866967
71,11,345.0,2,3,7203,0.2706877113866967
72,11,345.0,2,3,7203,0.2706877113866967
73,11,345.0,2,3,7203,0.2706877113866967
74,11,345.0,2,4,7203,0.2706877113866967
75,11,345.0,2,3,7203,0.2706877113866967
76,11,345.0,2,3,7203,0.2706877113866967
77,11,345.0,1,3,7203,0.2706877113866967
78,11,345.0,0,3,7203,0.2706877113866967
79,11,345.0,1,3,7203,0.2706877113866967
80,11,345.0,2,0,7203,0.2706877113866967
81,11,345.0,2,0,7203,0.2706877113866967
82,11,345.0,3,1,7203,0.2706877113866967
83,11,345.0,2,2,7203,0.2706877113866967
84,11,345.0,2,3,7203,0.2706877113866967
85,11,345.0,2,3,7203,0.2706877113866967
86,11,345.0,3,3,7203,0.2706877113866967
87,11,345.0,3,3,7203,0.2706877113866967
88,11,345.0,2,3,7203,0.2706877113866967
89,11,345.0,2,3,7203,0.2706877113866967
90,11,345.0,2,3,7203,0.2706877113866967
91,11,345.0,4,3,7203,0.2706877113866967
92,11,345.0,3,3,7203,0.2706877113866967
93,11,345.0,3,3,7203,0.2706877113866967
94,11,345.0,3,3,7203,0.2706877113866967
95,11,345.0,3,3,7203,0.2706877113866967
96,11,345.0,3,3,7203,0.2706877113866967
97,11,345.0,3,3,7203,0.2706877113866967
98,11,345.0,2,3,7203,0.2706877113866967
99,11,345.0,1,3,7203,0.2706877113866967
100,11,345.0,0,3,7203,0.2706877113866967
101,11,345.0,0,3,7203,0.2706877113866967
102,11,345.0,3,1,7203,0.2706877113866967
103,11,345.0,3,2,7203,0.2706877113866967
104,11,345.0,3,3,7203,0.2706877113866967
105,11,345.0,3,3,7203,0.2706877113866967
106,11,345.0,3,3,7203,0.2706877113866967
107,11,345.0,3,3,7203,0.2706877113866967
108,11,345.0,3,3,7203,0.2706877113866967
109,11,345.0,3,3,7203,0.2706877113866967
110,11,345.0,3,3,7203,0.2706877113866967
111,11,345.0,3,3,7203,0.2706877113866967
112,11,345.0,3,3,7203,0.2706877113866967
113,11,345.0,3,0,7203,0.2706877113866967
114,11,345.0,3,0,7203,0.2706877113866967
115,11,345.0,3,0,7203,0.2706877113866967
116,11,345.0,3,0,7203,0.2706877113866967
117,11,345.0,3,0,7203,0.2706877113866967
118,11,345.0,3,0,7203,0.2706877113866967
119,11,345.0,3,0,7203,0.2706877113866967
120,11,345.0,3,0,7203,0.2706877113866967
121,11,345.0,3,0,7203,0.2706877113866967
122,11,345.0,2,0,7203,0.2706877113866967
123,11,345.0,1,0,7203,0.2706877113866967
124,11,345.0,3,0,7203,0.2706877113866967
125,11,345.0,3,0,7203,0.2706877113866967
126,11,345.0,3,0,7203,0.2706877113866967
127,11,345.0,3,0,7203,0.2706877113866967
128,11,345.0,3,0,7203,0.2706877113866967
129,11,345.0,3,0,7203,0.2706877113866967
130,11,345.0,3,0,7203,0.2706877113866967
131,11,345.0,3,0,7203,0.2706877113866967
132,11,345.0,3,0,7203,0.2706877113866967
133,11,345.0,3,0,7203,0.2706877113866967
134,11,345.0,3,0,7203,0.2706877113866967
