alpha_deg,beta_kW_per_km,t_stat,n_records
0.0,-10.637772049840164,-277.3753329777813,3202156
5.0,-10.189230836402961,-260.08024457218266,3202156
10.0,-9.701326166391999,-241.20769052217895,3202156
15.0,-9.147944458146414,-220.47842989638167,3202156
20.0,-8.495960793801386,-197.5619462232259,3202156
25.0,-7.7033861163654525,-172.0744494364447,3202156
30.0,-6.717691680168935,-143.58321841288193,3202156
35.0,-5.475144331649978,-111.62380484885422,3202156
40.0,-3.9028115561810544,-75.74042699415911,3202156
45.0,-1.9260523226167043,-35.563849858970215,3202156
50.0,0.5147188724662216,9.058204650836688,3202156
55.0,3.4350939273387375,57.87332412530918,3202156
60.0,6.768467851289102,110.0072437748732,3202156
65.0,10.334166939963238,163.80421383046792,3202156
70.0,13.840607950259434,216.86716232650411,3202156
75.0,16.946370424429592,266.4128014517772,3202156
80.0,19.36404638450874,309.88741862531316,3202156
85.0,20.949163334647544,345.57256354856963,3202156
90.0,21.721436027977905,372.87309306907713,3202156
95.0,21.818750358498573,392.1953978590459,3202156
100.0,21.42659332440454,404.5755842103018,3202156
105.0,20.722496393378453,411.2870664090684,3202156
110.0,19.848545908248234,413.56387006634725,3202156
115.0,18.90582825865305,412.46078172860587,3202156
120.0,17.96002475547183,408.8125798471214,3202156
125.0,17.050293453426196,403.2466402533573,3202156
130.0,16.197542084619926,396.21637388503603,3202156
135.0,15.410814447678872,388.03775754316376,3202156
140.0,14.691752425459383,378.9213088117213,3202156
145.0,14.037514247361695,368.99728430591284,3202156
150.0,13.442576536779978,358.33429579409494,3202156
155.0,12.89976750377551,346.9523635845171,3202156
160.0,12.400777006120268,334.83153100178566,3202156
165.0,11.936301881060821,321.9169979686032,3202156
170.0,11.49591859551696,308.12150267961465,3202156
175.0,11.067726796527943,293.3254743952136,3202156
180.0,10.637772049840166,277.37533297778134,3202156
185.0,10.189230836402963,260.0802445721828,3202156
190.0,9.701326166392,241.207690522179,3202156
195.0,9.147944458146414,220.47842989638167,3202156
200.0,8.495960793801387,197.5619462232259,3202156
205.0,7.703386116365455,172.07444943644478,3202156
210.0,6.717691680168927,143.58321841288176,3202156
215.0,5.475144331649969,111.62380484885405,3202156
220.0,3.902811556181044,75.74042699415892,3202156
225.0,1.9260523226167092,35.563849858970315,3202156
230.0,-0.5147188724662013,-9.058204650836332,3202156
235.0,-3.4350939273387153,-57.87332412530883,3202156
240.0,-6.76846785128908,-110.00724377487288,3202156
245.0,-10.334166939963243,-163.80421383046794,3202156
250.0,-13.84060795025944,-216.86716232650414,3202156
255.0,-16.946370424429585,-266.4128014517771,3202156
260.0,-19.364046384508736,-309.88741862531305,3202156
265.0,-20.949163334647544,-345.5725635485697,3202156
270.0,-21.721436027977905,-372.8730930690771,3202156
275.0,-21.81875035849858,-392.19539785904595,3202156
280.0,-21.426593324404546,-404.5755842103019,3202156
285.0,-20.72249639337845,-411.28706640906836,3202156
290.0,-19.84854590824823,-413.56387006634725,3202156
295.0,-18.905828258653045,-412.4607817286059,3202156
300.0,-17.960024755471828,-408.8125798471214,3202156
305.0,-17.050293453426196,-403.2466402533573,3202156
310.0,-16.197542084619926,-396.21637388503603,3202156
315.0,-15.410814447678876,-388.0377575431638,3202156
320.0,-14.691752425459383,-378.9213088117213,3202156
325.0,-14.037514247361697,-368.99728430591284,3202156
330.0,-13.442576536779983,-358.33429579409506,3202156
335.0,-12.89976750377551,-346.9523635845171,3202156
340.0,-12.400777006120268,-334.83153100178566,3202156
345.0,-11.93630188106082,-321.91699796860314,3202156
350.0,-11.495918595516962,-308.1215026796147,3202156
355.0,-11.067726796527944,-293.3254743952136,3202156
